method,alpha,layer,groups,group_size_pattern,num_groups,unique_group_count_1,unique_group_count_2,unique_group_rate_1,unique_group_rate_2,mean_unique_groups,mean_intragroup_output_distance,oracle_unique_group_rate_1,oracle_unique_group_rate_2,oracle_mean_unique_groups,oracle_mean_intragroup_output_distance
objective_aware,1.0,0,"[[0],[1],[2,3,4,5,7],[6]]","[5,1,1,1]",4,27713,37823,0.4228668212890625,0.5771331787109375,1.5771331787109375,0.12672947719693184,0.4386749267578125,0.5613250732421875,1.5613250732421875,0.1355750985443592
legacy_pairwise_hc,1.0,0,"[[0],[1],[2,3,4,5,7],[6]]","[5,1,1,1]",4,27713,37823,0.4228668212890625,0.5771331787109375,1.5771331787109375,0.12672947719693184,0.4386749267578125,0.5613250732421875,1.5613250732421875,0.1355750985443592
objective_aware,1.0,1,"[[0,6],[1,2,5,7],[3],[4]]","[4,2,1,1]",4,15388,50148,0.23480224609375,0.76519775390625,1.76519775390625,0.15646256932190486,0.4033050537109375,0.5966949462890625,1.5966949462890625,0.4531985655426979
legacy_pairwise_hc,1.0,1,"[[0,6],[1,2,5,7],[3],[4]]","[4,2,1,1]",4,15388,50148,0.23480224609375,0.76519775390625,1.76519775390625,0.15646256932190486,0.4033050537109375,0.5966949462890625,1.5966949462890625,0.4531985655426979
objective_aware,1.0,2,"[[0,1,2,3,4],[5],[6],[7]]","[5,1,1,1]",4,27035,38501,0.4125213623046875,0.5874786376953125,1.5874786376953125,0.24409200698137284,0.4145660400390625,0.5854339599609375,1.5854339599609375,0.2675840616226196
legacy_pairwise_hc,1.0,2,"[[0,1,2,3,4],[5],[6],[7]]","[5,1,1,1]",4,27035,38501,0.4125213623046875,0.5874786376953125,1.5874786376953125,0.24409200698137284,0.4145660400390625,0.5854339599609375,1.5854339599609375,0.2675840616226196
objective_aware,1.0,3,"[[0,2,4,5],[1],[3],[6,7]]","[4,2,1,1]",4,18114,47422,0.276397705078125,0.723602294921875,1.723602294921875,0.30322309902736116,0.402313232421875,0.597686767578125,1.597686767578125,0.3171242028474808
legacy_pairwise_hc,1.0,3,"[[0,2,4,5],[1],[3],[6,7]]","[4,2,1,1]",4,18114,47422,0.276397705078125,0.723602294921875,1.723602294921875,0.30322309902736116,0.402313232421875,0.597686767578125,1.597686767578125,0.3171242028474808
objective_aware,1.0,4,"[[0,2,6],[1,3,7],[4],[5]]","[3,3,1,1]",4,13316,52220,0.20318603515625,0.79681396484375,1.79681396484375,0.406292845805486,0.39471435546875,0.60528564453125,1.60528564453125,0.43909434974193573
legacy_pairwise_hc,1.0,4,"[[0,2,6],[1,3,7],[4],[5]]","[3,3,1,1]",4,13316,52220,0.20318603515625,0.79681396484375,1.79681396484375,0.406292845805486,0.39471435546875,0.60528564453125,1.60528564453125,0.43909434974193573
objective_aware,1.0,5,"[[0,4,6],[1,5,7],[2],[3]]","[3,3,1,1]",4,16401,49135,0.2502593994140625,0.7497406005859375,1.7497406005859375,0.5199532558520635,0.4047393798828125,0.5952606201171875,1.5952606201171875,0.5259082287549972
legacy_pairwise_hc,1.0,5,"[[0,4,6],[1,5,7],[2],[3]]","[3,3,1,1]",4,16401,49135,0.2502593994140625,0.7497406005859375,1.7497406005859375,0.5199532558520635,0.4047393798828125,0.5952606201171875,1.5952606201171875,0.5259082287549972
objective_aware,1.0,6,"[[0,1,2,4],[3],[5,6],[7]]","[4,2,1,1]",4,18644,46892,0.28448486328125,0.71551513671875,1.71551513671875,0.6784695727484567,0.4250640869140625,0.5749359130859375,1.5749359130859375,0.7086998403072358
legacy_pairwise_hc,1.0,6,"[[0,1,2,4],[3],[5,6],[7]]","[4,2,1,1]",4,18644,46892,0.28448486328125,0.71551513671875,1.71551513671875,0.6784695727484567,0.4250640869140625,0.5749359130859375,1.5749359130859375,0.7086998403072358
objective_aware,1.0,7,"[[0,2],[1,4],[3,5,7],[6]]","[3,2,2,1]",4,13334,52202,0.203460693359375,0.796539306640625,1.796539306640625,0.8036081194877625,0.425811767578125,0.574188232421875,1.574188232421875,0.8846524357795715
legacy_pairwise_hc,1.0,7,"[[0,2],[1,4],[3,5,7],[6]]","[3,2,2,1]",4,13334,52202,0.203460693359375,0.796539306640625,1.796539306640625,0.8036081194877625,0.425811767578125,0.574188232421875,1.574188232421875,0.8846524357795715
objective_aware,1.0,8,"[[0,3,4,6,7],[1],[2],[5]]","[5,1,1,1]",4,23007,42529,0.3510589599609375,0.6489410400390625,1.6489410400390625,0.9055051386356354,0.3916168212890625,0.6083831787109375,1.6083831787109375,0.9372064590454101
legacy_pairwise_hc,1.0,8,"[[0,3,4,6,7],[1],[2],[5]]","[5,1,1,1]",4,23007,42529,0.3510589599609375,0.6489410400390625,1.6489410400390625,0.9055051386356354,0.3916168212890625,0.6083831787109375,1.6083831787109375,0.9372064590454101
objective_aware,1.0,9,"[[0,3,5],[1,2],[4,7],[6]]","[3,2,2,1]",4,16284,49252,0.24847412109375,0.75152587890625,1.75152587890625,0.9870888352394104,0.445556640625,0.554443359375,1.554443359375,1.115380311012268
legacy_pairwise_hc,1.0,9,"[[0,3,5],[1,2],[4,7],[6]]","[3,2,2,1]",4,16284,49252,0.24847412109375,0.75152587890625,1.75152587890625,0.9870888352394104,0.445556640625,0.554443359375,1.554443359375,1.115380311012268
objective_aware,1.0,10,"[[0],[1,3],[2,5,6,7],[4]]","[4,2,1,1]",4,22163,43373,0.3381805419921875,0.6618194580078125,1.6618194580078125,1.2909629855837141,0.4619293212890625,0.5380706787109375,1.5380706787109375,1.443949007987976
legacy_pairwise_hc,1.0,10,"[[0],[1,3],[2,5,6,7],[4]]","[4,2,1,1]",4,22163,43373,0.3381805419921875,0.6618194580078125,1.6618194580078125,1.2909629855837141,0.4619293212890625,0.5380706787109375,1.5380706787109375,1.443949007987976
objective_aware,1.0,11,"[[0,1,6,7],[2,5],[3],[4]]","[4,2,1,1]",4,29627,35909,0.4520721435546875,0.5479278564453125,1.5479278564453125,1.4831133059092931,0.5067901611328125,0.4932098388671875,1.4932098388671875,2.029581129550934
legacy_pairwise_hc,1.0,11,"[[0,1,6,7],[2,5],[3],[4]]","[4,2,1,1]",4,29627,35909,0.4520721435546875,0.5479278564453125,1.5479278564453125,1.4831133059092931,0.5067901611328125,0.4932098388671875,1.4932098388671875,2.029581129550934
objective_aware,1.0,12,"[[0,1,2,4,5],[3],[6],[7]]","[5,1,1,1]",4,28299,37237,0.4318084716796875,0.5681915283203125,1.5681915283203125,1.5472447156906128,0.5006561279296875,0.4993438720703125,1.4993438720703125,1.7295993447303772
legacy_pairwise_hc,1.0,12,"[[0,1,2,4,5],[3],[6],[7]]","[5,1,1,1]",4,28299,37237,0.4318084716796875,0.5681915283203125,1.5681915283203125,1.5472447156906128,0.5006561279296875,0.4993438720703125,1.4993438720703125,1.7295993447303772
objective_aware,1.0,13,"[[0],[1,3,5,6],[2,7],[4]]","[4,2,1,1]",4,23224,42312,0.3543701171875,0.6456298828125,1.6456298828125,1.6692981719970703,0.45477294921875,0.54522705078125,1.54522705078125,1.7279566645622253
legacy_pairwise_hc,1.0,13,"[[0],[1,3,5,6],[2,7],[4]]","[4,2,1,1]",4,23224,42312,0.3543701171875,0.6456298828125,1.6456298828125,1.6692981719970703,0.45477294921875,0.54522705078125,1.54522705078125,1.7279566645622253
objective_aware,1.0,14,"[[0,3],[1],[2],[4,5,6,7]]","[4,2,1,1]",4,26525,39011,0.4047393798828125,0.5952606201171875,1.5952606201171875,2.1944994245256697,0.49249267578125,0.50750732421875,1.50750732421875,2.2715713024139403
legacy_pairwise_hc,1.0,14,"[[0,3],[1],[2],[4,5,6,7]]","[4,2,1,1]",4,26525,39011,0.4047393798828125,0.5952606201171875,1.5952606201171875,2.1944994245256697,0.49249267578125,0.50750732421875,1.50750732421875,2.2715713024139403
objective_aware,1.0,15,"[[0,1,5],[2,3,4],[6],[7]]","[3,3,1,1]",4,16901,48635,0.2578887939453125,0.7421112060546875,1.7421112060546875,2.1640517115592957,0.4714202880859375,0.5285797119140625,1.5285797119140625,2.443004322052002
legacy_pairwise_hc,1.0,15,"[[0,1,5],[2,3,4],[6],[7]]","[3,3,1,1]",4,16901,48635,0.2578887939453125,0.7421112060546875,1.7421112060546875,2.1640517115592957,0.4714202880859375,0.5285797119140625,1.5285797119140625,2.443004322052002
objective_aware,1.0,16,"[[0],[1],[2,3,4,6,7],[5]]","[5,1,1,1]",4,24684,40852,0.37664794921875,0.62335205078125,1.62335205078125,2.3671871423721313,0.454498291015625,0.545501708984375,1.545501708984375,2.7391475677490233
legacy_pairwise_hc,1.0,16,"[[0],[1],[2,3,4,6,7],[5]]","[5,1,1,1]",4,24684,40852,0.37664794921875,0.62335205078125,1.62335205078125,2.3671871423721313,0.454498291015625,0.545501708984375,1.545501708984375,2.7391475677490233
objective_aware,1.0,17,"[[0],[1],[2,3,5,6,7],[4]]","[5,1,1,1]",4,22286,43250,0.340057373046875,0.659942626953125,1.659942626953125,3.1226359367370606,0.4613037109375,0.5386962890625,1.5386962890625,3.896775317192078
legacy_pairwise_hc,1.0,17,"[[0],[1],[2,3,5,6,7],[4]]","[5,1,1,1]",4,22286,43250,0.340057373046875,0.659942626953125,1.659942626953125,3.1226359367370606,0.4613037109375,0.5386962890625,1.5386962890625,3.896775317192078
objective_aware,1.0,18,"[[0],[1,3,6],[2],[4,5,7]]","[3,3,1,1]",4,20079,45457,0.3063812255859375,0.6936187744140625,1.6936187744140625,3.760180393854777,0.4247283935546875,0.5752716064453125,1.5752716064453125,4.471731019020081
legacy_pairwise_hc,1.0,18,"[[0],[1,3,6],[2],[4,5,7]]","[3,3,1,1]",4,20079,45457,0.3063812255859375,0.6936187744140625,1.6936187744140625,3.760180393854777,0.4247283935546875,0.5752716064453125,1.5752716064453125,4.471731019020081
objective_aware,1.0,19,"[[0,1,2,3,6],[4],[5],[7]]","[5,1,1,1]",4,24990,40546,0.381317138671875,0.618682861328125,1.618682861328125,4.0207033395767215,0.45269775390625,0.54730224609375,1.54730224609375,4.786185026168823
legacy_pairwise_hc,1.0,19,"[[0,1,2,3,6],[4],[5],[7]]","[5,1,1,1]",4,24990,40546,0.381317138671875,0.618682861328125,1.618682861328125,4.0207033395767215,0.45269775390625,0.54730224609375,1.54730224609375,4.786185026168823
objective_aware,1.0,20,"[[0,2,3,6],[1,7],[4],[5]]","[4,2,1,1]",4,17627,47909,0.2689666748046875,0.7310333251953125,1.7310333251953125,3.526900666100638,0.4051055908203125,0.5948944091796875,1.5948944091796875,3.9451783895492554
legacy_pairwise_hc,1.0,20,"[[0,2,3,6],[1,7],[4],[5]]","[4,2,1,1]",4,17627,47909,0.2689666748046875,0.7310333251953125,1.7310333251953125,3.526900666100638,0.4051055908203125,0.5948944091796875,1.5948944091796875,3.9451783895492554
objective_aware,1.0,21,"[[0,5],[1],[2,6,7],[3,4]]","[3,2,2,1]",4,12935,52601,0.1973724365234375,0.8026275634765625,1.8026275634765625,3.3369943618774416,0.3992462158203125,0.6007537841796875,1.6007537841796875,3.6141162157058715
legacy_pairwise_hc,1.0,21,"[[0,5],[1],[2,6,7],[3,4]]","[3,2,2,1]",4,12935,52601,0.1973724365234375,0.8026275634765625,1.8026275634765625,3.3369943618774416,0.3992462158203125,0.6007537841796875,1.6007537841796875,3.6141162157058715
objective_aware,1.0,22,"[[0,3,4,6],[1,2],[5],[7]]","[4,2,1,1]",4,19425,46111,0.2964019775390625,0.7035980224609375,1.7035980224609375,3.3992505414145335,0.42486572265625,0.57513427734375,1.57513427734375,3.639899230003357
legacy_pairwise_hc,1.0,22,"[[0,3,4,6],[1,2],[5],[7]]","[4,2,1,1]",4,19425,46111,0.2964019775390625,0.7035980224609375,1.7035980224609375,3.3992505414145335,0.42486572265625,0.57513427734375,1.57513427734375,3.639899230003357
objective_aware,1.0,23,"[[0,1,2,4,5],[3],[6],[7]]","[5,1,1,1]",4,22280,43256,0.3399658203125,0.6600341796875,1.6600341796875,3.556454873085022,0.441741943359375,0.558258056640625,1.558258056640625,3.645433712005615
legacy_pairwise_hc,1.0,23,"[[0,1,2,4,5],[3],[6],[7]]","[5,1,1,1]",4,22280,43256,0.3399658203125,0.6600341796875,1.6600341796875,3.556454873085022,0.441741943359375,0.558258056640625,1.558258056640625,3.645433712005615
objective_aware,1.0,24,"[[0,2,3,7],[1,4],[5],[6]]","[4,2,1,1]",4,21349,44187,0.3257598876953125,0.6742401123046875,1.6742401123046875,3.4985292639051164,0.4151153564453125,0.5848846435546875,1.5848846435546875,3.576426863670349
legacy_pairwise_hc,1.0,24,"[[0,2,3,7],[1,4],[5],[6]]","[4,2,1,1]",4,21349,44187,0.3257598876953125,0.6742401123046875,1.6742401123046875,3.4985292639051164,0.4151153564453125,0.5848846435546875,1.5848846435546875,3.576426863670349
objective_aware,1.0,25,"[[0],[1],[2,3,5,6,7],[4]]","[5,1,1,1]",4,21257,44279,0.3243560791015625,0.6756439208984375,1.6756439208984375,3.777599048614502,0.4154205322265625,0.5845794677734375,1.5845794677734375,4.068607473373413
legacy_pairwise_hc,1.0,25,"[[0],[1],[2,3,5,6,7],[4]]","[5,1,1,1]",4,21257,44279,0.3243560791015625,0.6756439208984375,1.6756439208984375,3.777599048614502,0.4154205322265625,0.5845794677734375,1.5845794677734375,4.068607473373413
objective_aware,1.0,26,"[[0,2,3,5,7],[1],[4],[6]]","[5,1,1,1]",4,31801,33735,0.4852447509765625,0.5147552490234375,1.5147552490234375,4.250477814674378,0.4852447509765625,0.5147552490234375,1.5147552490234375,4.250477814674378
legacy_pairwise_hc,1.0,26,"[[0,2,3,5,7],[1],[4],[6]]","[5,1,1,1]",4,31801,33735,0.4852447509765625,0.5147552490234375,1.5147552490234375,4.250477814674378,0.4852447509765625,0.5147552490234375,1.5147552490234375,4.250477814674378
objective_aware,1.0,27,"[[0,3,4,6,7],[1],[2],[5]]","[5,1,1,1]",4,22972,42564,0.35052490234375,0.64947509765625,1.64947509765625,5.330825614929199,0.4333953857421875,0.5666046142578125,1.5666046142578125,6.307678651809693
legacy_pairwise_hc,1.0,27,"[[0,3,4,6,7],[1],[2],[5]]","[5,1,1,1]",4,22972,42564,0.35052490234375,0.64947509765625,1.64947509765625,5.330825614929199,0.4333953857421875,0.5666046142578125,1.5666046142578125,6.307678651809693
objective_aware,1.0,28,"[[0,5,6],[1,2,7],[3],[4]]","[3,3,1,1]",4,15471,50065,0.2360687255859375,0.7639312744140625,1.7639312744140625,7.686826308568318,0.4878997802734375,0.5121002197265625,1.5121002197265625,9.362681341171264
legacy_pairwise_hc,1.0,28,"[[0,5,6],[1,2,7],[3],[4]]","[3,3,1,1]",4,15471,50065,0.2360687255859375,0.7639312744140625,1.7639312744140625,7.686826308568318,0.4878997802734375,0.5121002197265625,1.5121002197265625,9.362681341171264
objective_aware,1.0,29,"[[0,1,2,7],[3,6],[4],[5]]","[4,2,1,1]",4,26430,39106,0.403289794921875,0.596710205078125,1.596710205078125,13.406708581107003,0.4679107666015625,0.5320892333984375,1.5320892333984375,14.581612586975098
legacy_pairwise_hc,1.0,29,"[[0,1,2,7],[3,6],[4],[5]]","[4,2,1,1]",4,26430,39106,0.403289794921875,0.596710205078125,1.596710205078125,13.406708581107003,0.4679107666015625,0.5320892333984375,1.5320892333984375,14.581612586975098
objective_aware,1.0,30,"[[0,3,4,7],[1],[2,6],[5]]","[4,2,1,1]",4,22855,42681,0.3487396240234375,0.6512603759765625,1.6512603759765625,24.78147997174944,0.500335693359375,0.499664306640625,1.499664306640625,39.07254962921142
legacy_pairwise_hc,1.0,30,"[[0,3,4,7],[1],[2,6],[5]]","[4,2,1,1]",4,22855,42681,0.3487396240234375,0.6512603759765625,1.6512603759765625,24.78147997174944,0.500335693359375,0.499664306640625,1.499664306640625,39.07254962921142
objective_aware,1.0,31,"[[0,4],[1,5],[2,6],[3,7]]","[2,2,2,2]",4,22809,42727,0.3480377197265625,0.6519622802734375,1.6519622802734375,64.35312843322754,0.614227294921875,0.385772705078125,1.385772705078125,90.11394729614258
legacy_pairwise_hc,1.0,31,"[[0,4],[1,5],[2,6],[3,7]]","[2,2,2,2]",4,22809,42727,0.3480377197265625,0.6519622802734375,1.6519622802734375,64.35312843322754,0.614227294921875,0.385772705078125,1.385772705078125,90.11394729614258
objective_aware,0.9,0,"[[0],[1],[2,3,4,5,7],[6]]","[5,1,1,1]",4,27713,37823,0.4228668212890625,0.5771331787109375,1.5771331787109375,0.12672947719693184,0.4386749267578125,0.5613250732421875,1.5613250732421875,0.1355750985443592
legacy_pairwise_hc,0.9,0,"[[0],[1],[2,3,4,5,7],[6]]","[5,1,1,1]",4,27713,37823,0.4228668212890625,0.5771331787109375,1.5771331787109375,0.12672947719693184,0.4386749267578125,0.5613250732421875,1.5613250732421875,0.1355750985443592
objective_aware,0.9,1,"[[0,2,5,6,7],[1],[3],[4]]","[5,1,1,1]",4,24970,40566,0.381011962890625,0.618988037109375,1.618988037109375,0.16212718337774276,0.4033050537109375,0.5966949462890625,1.5966949462890625,0.4531985655426979
legacy_pairwise_hc,0.9,1,"[[0,2,6],[1,4],[3],[5,7]]","[3,2,2,1]",4,17553,47983,0.2678375244140625,0.7321624755859375,1.7321624755859375,0.30720740258693696,0.4033050537109375,0.5966949462890625,1.5966949462890625,0.4531985655426979
objective_aware,0.9,2,"[[0,1,2,3,4],[5],[6],[7]]","[5,1,1,1]",4,27035,38501,0.4125213623046875,0.5874786376953125,1.5874786376953125,0.24409200698137284,0.4145660400390625,0.5854339599609375,1.5854339599609375,0.2675840616226196
legacy_pairwise_hc,0.9,2,"[[0,1,2,3,4],[5],[6],[7]]","[5,1,1,1]",4,27035,38501,0.4125213623046875,0.5874786376953125,1.5874786376953125,0.24409200698137284,0.4145660400390625,0.5854339599609375,1.5854339599609375,0.2675840616226196
objective_aware,0.9,3,"[[0,2,4,5],[1],[3],[6,7]]","[4,2,1,1]",4,18114,47422,0.276397705078125,0.723602294921875,1.723602294921875,0.30322309902736116,0.402313232421875,0.597686767578125,1.597686767578125,0.3171242028474808
legacy_pairwise_hc,0.9,3,"[[0,2,4,5],[1],[3],[6,7]]","[4,2,1,1]",4,18114,47422,0.276397705078125,0.723602294921875,1.723602294921875,0.30322309902736116,0.402313232421875,0.597686767578125,1.597686767578125,0.3171242028474808
objective_aware,0.9,4,"[[0,2],[1,5],[3,6,7],[4]]","[3,2,2,1]",4,15478,50058,0.236175537109375,0.763824462890625,1.763824462890625,0.40364550352096557,0.39471435546875,0.60528564453125,1.60528564453125,0.43909434974193573
legacy_pairwise_hc,0.9,4,"[[0,2],[1,5],[3,6,7],[4]]","[3,2,2,1]",4,15478,50058,0.236175537109375,0.763824462890625,1.763824462890625,0.40364550352096557,0.39471435546875,0.60528564453125,1.60528564453125,0.43909434974193573
objective_aware,0.9,5,"[[0,1,4,6,7],[2],[3],[5]]","[5,1,1,1]",4,26525,39011,0.4047393798828125,0.5952606201171875,1.5952606201171875,0.5259082287549972,0.4047393798828125,0.5952606201171875,1.5952606201171875,0.5259082287549972
legacy_pairwise_hc,0.9,5,"[[0,4,6],[1,5,7],[2],[3]]","[3,3,1,1]",4,16401,49135,0.2502593994140625,0.7497406005859375,1.7497406005859375,0.5199532558520635,0.4047393798828125,0.5952606201171875,1.5952606201171875,0.5259082287549972
objective_aware,0.9,6,"[[0,1,2,4],[3],[5,6],[7]]","[4,2,1,1]",4,18644,46892,0.28448486328125,0.71551513671875,1.71551513671875,0.6784695727484567,0.4250640869140625,0.5749359130859375,1.5749359130859375,0.7086998403072358
legacy_pairwise_hc,0.9,6,"[[0,3],[1,2,4],[5,6],[7]]","[3,2,2,1]",4,17020,48516,0.25970458984375,0.74029541015625,1.74029541015625,0.6791138529777527,0.4250640869140625,0.5749359130859375,1.5749359130859375,0.7086998403072358
objective_aware,0.9,7,"[[0,2],[1,4,5,7],[3],[6]]","[4,2,1,1]",4,20424,45112,0.3116455078125,0.6883544921875,1.6883544921875,0.8170177340507507,0.425811767578125,0.574188232421875,1.574188232421875,0.8846524357795715
legacy_pairwise_hc,0.9,7,"[[0,2],[1,3,4],[5,7],[6]]","[3,2,2,1]",4,14943,50593,0.2280120849609375,0.7719879150390625,1.7719879150390625,0.8043620347976684,0.425811767578125,0.574188232421875,1.574188232421875,0.8846524357795715
objective_aware,0.9,8,"[[0,3,4,6,7],[1],[2],[5]]","[5,1,1,1]",4,23007,42529,0.3510589599609375,0.6489410400390625,1.6489410400390625,0.9055051386356354,0.3916168212890625,0.6083831787109375,1.6083831787109375,0.9372064590454101
legacy_pairwise_hc,0.9,8,"[[0,3,4,6],[1,7],[2],[5]]","[4,2,1,1]",4,18594,46942,0.283721923828125,0.716278076171875,1.716278076171875,0.8891176240784782,0.3916168212890625,0.6083831787109375,1.6083831787109375,0.9372064590454101
objective_aware,0.9,9,"[[0,3,4,5,7],[1],[2],[6]]","[5,1,1,1]",4,22451,43085,0.3425750732421875,0.6574249267578125,1.6574249267578125,1.0255069494247437,0.445556640625,0.554443359375,1.554443359375,1.115380311012268
legacy_pairwise_hc,0.9,9,"[[0,3,5],[1,2],[4,7],[6]]","[3,2,2,1]",4,16284,49252,0.24847412109375,0.75152587890625,1.75152587890625,0.9870888352394104,0.445556640625,0.554443359375,1.554443359375,1.115380311012268
objective_aware,0.9,10,"[[0],[1,3],[2,5,6,7],[4]]","[4,2,1,1]",4,22163,43373,0.3381805419921875,0.6618194580078125,1.6618194580078125,1.2909629855837141,0.4619293212890625,0.5380706787109375,1.5380706787109375,1.443949007987976
legacy_pairwise_hc,0.9,10,"[[0],[1,3],[2,4,7],[5,6]]","[3,2,2,1]",4,23843,41693,0.3638153076171875,0.6361846923828125,1.6361846923828125,1.2842775344848634,0.4619293212890625,0.5380706787109375,1.5380706787109375,1.443949007987976
objective_aware,0.9,11,"[[0,1,6,7],[2,5],[3],[4]]","[4,2,1,1]",4,29627,35909,0.4520721435546875,0.5479278564453125,1.5479278564453125,1.4831133059092931,0.5067901611328125,0.4932098388671875,1.4932098388671875,2.029581129550934
legacy_pairwise_hc,0.9,11,"[[0,1,6,7],[2,5],[3],[4]]","[4,2,1,1]",4,29627,35909,0.4520721435546875,0.5479278564453125,1.5479278564453125,1.4831133059092931,0.5067901611328125,0.4932098388671875,1.4932098388671875,2.029581129550934
objective_aware,0.9,12,"[[0,1,2,4,5],[3],[6],[7]]","[5,1,1,1]",4,28299,37237,0.4318084716796875,0.5681915283203125,1.5681915283203125,1.5472447156906128,0.5006561279296875,0.4993438720703125,1.4993438720703125,1.7295993447303772
legacy_pairwise_hc,0.9,12,"[[0,2,4,5],[1,6],[3],[7]]","[4,2,1,1]",4,23094,42442,0.352386474609375,0.647613525390625,1.647613525390625,1.4964206899915422,0.5006561279296875,0.4993438720703125,1.4993438720703125,1.7295993447303772
objective_aware,0.9,13,"[[0],[1,3,5,6],[2,7],[4]]","[4,2,1,1]",4,23224,42312,0.3543701171875,0.6456298828125,1.6456298828125,1.6692981719970703,0.45477294921875,0.54522705078125,1.54522705078125,1.7279566645622253
legacy_pairwise_hc,0.9,13,"[[0],[1,3,5,6],[2,7],[4]]","[4,2,1,1]",4,23224,42312,0.3543701171875,0.6456298828125,1.6456298828125,1.6692981719970703,0.45477294921875,0.54522705078125,1.54522705078125,1.7279566645622253
objective_aware,0.9,14,"[[0,3],[1],[2],[4,5,6,7]]","[4,2,1,1]",4,26525,39011,0.4047393798828125,0.5952606201171875,1.5952606201171875,2.1944994245256697,0.49249267578125,0.50750732421875,1.50750732421875,2.2715713024139403
legacy_pairwise_hc,0.9,14,"[[0,3],[1],[2],[4,5,6,7]]","[4,2,1,1]",4,26525,39011,0.4047393798828125,0.5952606201171875,1.5952606201171875,2.1944994245256697,0.49249267578125,0.50750732421875,1.50750732421875,2.2715713024139403
objective_aware,0.9,15,"[[0,1,5],[2,3,4],[6],[7]]","[3,3,1,1]",4,16901,48635,0.2578887939453125,0.7421112060546875,1.7421112060546875,2.1640517115592957,0.4714202880859375,0.5285797119140625,1.5285797119140625,2.443004322052002
legacy_pairwise_hc,0.9,15,"[[0,1,5],[2,3,4],[6],[7]]","[3,3,1,1]",4,16901,48635,0.2578887939453125,0.7421112060546875,1.7421112060546875,2.1640517115592957,0.4714202880859375,0.5285797119140625,1.5285797119140625,2.443004322052002
objective_aware,0.9,16,"[[0],[1],[2,3,4,6,7],[5]]","[5,1,1,1]",4,24684,40852,0.37664794921875,0.62335205078125,1.62335205078125,2.3671871423721313,0.454498291015625,0.545501708984375,1.545501708984375,2.7391475677490233
legacy_pairwise_hc,0.9,16,"[[0,1],[2],[3,4,6,7],[5]]","[4,2,1,1]",4,23247,42289,0.3547210693359375,0.6452789306640625,1.6452789306640625,2.348903179168701,0.454498291015625,0.545501708984375,1.545501708984375,2.7391475677490233
objective_aware,0.9,17,"[[0],[1],[2,3,5,6,7],[4]]","[5,1,1,1]",4,22286,43250,0.340057373046875,0.659942626953125,1.659942626953125,3.1226359367370606,0.4613037109375,0.5386962890625,1.5386962890625,3.896775317192078
legacy_pairwise_hc,0.9,17,"[[0],[1],[2,3,5,6,7],[4]]","[5,1,1,1]",4,22286,43250,0.340057373046875,0.659942626953125,1.659942626953125,3.1226359367370606,0.4613037109375,0.5386962890625,1.5386962890625,3.896775317192078
objective_aware,0.9,18,"[[0],[1,3,6],[2],[4,5,7]]","[3,3,1,1]",4,20079,45457,0.3063812255859375,0.6936187744140625,1.6936187744140625,3.760180393854777,0.4247283935546875,0.5752716064453125,1.5752716064453125,4.471731019020081
legacy_pairwise_hc,0.9,18,"[[0],[1,3,6],[2],[4,5,7]]","[3,3,1,1]",4,20079,45457,0.3063812255859375,0.6936187744140625,1.6936187744140625,3.760180393854777,0.4247283935546875,0.5752716064453125,1.5752716064453125,4.471731019020081
objective_aware,0.9,19,"[[0,1,2,3,6],[4],[5],[7]]","[5,1,1,1]",4,24990,40546,0.381317138671875,0.618682861328125,1.618682861328125,4.0207033395767215,0.45269775390625,0.54730224609375,1.54730224609375,4.786185026168823
legacy_pairwise_hc,0.9,19,"[[0,1,2,3,6],[4],[5],[7]]","[5,1,1,1]",4,24990,40546,0.381317138671875,0.618682861328125,1.618682861328125,4.0207033395767215,0.45269775390625,0.54730224609375,1.54730224609375,4.786185026168823
objective_aware,0.9,20,"[[0,2,3,6],[1,7],[4],[5]]","[4,2,1,1]",4,17627,47909,0.2689666748046875,0.7310333251953125,1.7310333251953125,3.526900666100638,0.4051055908203125,0.5948944091796875,1.5948944091796875,3.9451783895492554
legacy_pairwise_hc,0.9,20,"[[0,2,3,6],[1,7],[4],[5]]","[4,2,1,1]",4,17627,47909,0.2689666748046875,0.7310333251953125,1.7310333251953125,3.526900666100638,0.4051055908203125,0.5948944091796875,1.5948944091796875,3.9451783895492554
objective_aware,0.9,21,"[[0],[1],[2,3,4,6,7],[5]]","[5,1,1,1]",4,25893,39643,0.3950958251953125,0.6049041748046875,1.6049041748046875,3.428281307220459,0.3992462158203125,0.6007537841796875,1.6007537841796875,3.6141162157058715
legacy_pairwise_hc,0.9,21,"[[0,5],[1],[2,6,7],[3,4]]","[3,2,2,1]",4,12935,52601,0.1973724365234375,0.8026275634765625,1.8026275634765625,3.3369943618774416,0.3992462158203125,0.6007537841796875,1.6007537841796875,3.6141162157058715
objective_aware,0.9,22,"[[0,1,2,3,4],[5],[6],[7]]","[5,1,1,1]",4,22064,43472,0.336669921875,0.663330078125,1.663330078125,3.431438159942627,0.42486572265625,0.57513427734375,1.57513427734375,3.639899230003357
legacy_pairwise_hc,0.9,22,"[[0,3,4,6],[1,2],[5],[7]]","[4,2,1,1]",4,19425,46111,0.2964019775390625,0.7035980224609375,1.7035980224609375,3.3992505414145335,0.42486572265625,0.57513427734375,1.57513427734375,3.639899230003357
objective_aware,0.9,23,"[[0,1,2,4,5],[3],[6],[7]]","[5,1,1,1]",4,22280,43256,0.3399658203125,0.6600341796875,1.6600341796875,3.556454873085022,0.441741943359375,0.558258056640625,1.558258056640625,3.645433712005615
legacy_pairwise_hc,0.9,23,"[[0,1,2,4,5],[3],[6],[7]]","[5,1,1,1]",4,22280,43256,0.3399658203125,0.6600341796875,1.6600341796875,3.556454873085022,0.441741943359375,0.558258056640625,1.558258056640625,3.645433712005615
objective_aware,0.9,24,"[[0,2,3,7],[1,4],[5],[6]]","[4,2,1,1]",4,21349,44187,0.3257598876953125,0.6742401123046875,1.6742401123046875,3.4985292639051164,0.4151153564453125,0.5848846435546875,1.5848846435546875,3.576426863670349
legacy_pairwise_hc,0.9,24,"[[0,2,3],[1],[4,7],[5,6]]","[3,2,2,1]",4,18010,47526,0.274810791015625,0.725189208984375,1.725189208984375,3.50611891746521,0.4151153564453125,0.5848846435546875,1.5848846435546875,3.576426863670349
objective_aware,0.9,25,"[[0],[1],[2,3,5,6,7],[4]]","[5,1,1,1]",4,21257,44279,0.3243560791015625,0.6756439208984375,1.6756439208984375,3.777599048614502,0.4154205322265625,0.5845794677734375,1.5845794677734375,4.068607473373413
legacy_pairwise_hc,0.9,25,"[[0],[1,6],[2,3,5,7],[4]]","[4,2,1,1]",4,16880,48656,0.257568359375,0.742431640625,1.742431640625,3.7592523438589915,0.4154205322265625,0.5845794677734375,1.5845794677734375,4.068607473373413
objective_aware,0.9,26,"[[0,2,3,5,7],[1],[4],[6]]","[5,1,1,1]",4,31801,33735,0.4852447509765625,0.5147552490234375,1.5147552490234375,4.250477814674378,0.4852447509765625,0.5147552490234375,1.5147552490234375,4.250477814674378
legacy_pairwise_hc,0.9,26,"[[0,6],[1],[2,3,5,7],[4]]","[4,2,1,1]",4,21623,43913,0.3299407958984375,0.6700592041015625,1.6700592041015625,4.162313904081072,0.4852447509765625,0.5147552490234375,1.5147552490234375,4.250477814674378
objective_aware,0.9,27,"[[0,3,4,6,7],[1],[2],[5]]","[5,1,1,1]",4,22972,42564,0.35052490234375,0.64947509765625,1.64947509765625,5.330825614929199,0.4333953857421875,0.5666046142578125,1.5666046142578125,6.307678651809693
legacy_pairwise_hc,0.9,27,"[[0,3,4,6,7],[1],[2],[5]]","[5,1,1,1]",4,22972,42564,0.35052490234375,0.64947509765625,1.64947509765625,5.330825614929199,0.4333953857421875,0.5666046142578125,1.5666046142578125,6.307678651809693
objective_aware,0.9,28,"[[0,5,6],[1,2,7],[3],[4]]","[3,3,1,1]",4,15471,50065,0.2360687255859375,0.7639312744140625,1.7639312744140625,7.686826308568318,0.4878997802734375,0.5121002197265625,1.5121002197265625,9.362681341171264
legacy_pairwise_hc,0.9,28,"[[0,5,6],[1,2,7],[3],[4]]","[3,3,1,1]",4,15471,50065,0.2360687255859375,0.7639312744140625,1.7639312744140625,7.686826308568318,0.4878997802734375,0.5121002197265625,1.5121002197265625,9.362681341171264
objective_aware,0.9,29,"[[0,1,2,7],[3,6],[4],[5]]","[4,2,1,1]",4,26430,39106,0.403289794921875,0.596710205078125,1.596710205078125,13.406708581107003,0.4679107666015625,0.5320892333984375,1.5320892333984375,14.581612586975098
legacy_pairwise_hc,0.9,29,"[[0,1,2,7],[3,6],[4],[5]]","[4,2,1,1]",4,26430,39106,0.403289794921875,0.596710205078125,1.596710205078125,13.406708581107003,0.4679107666015625,0.5320892333984375,1.5320892333984375,14.581612586975098
objective_aware,0.9,30,"[[0,2,4,6,7],[1],[3],[5]]","[5,1,1,1]",4,30409,35127,0.4640045166015625,0.5359954833984375,1.5359954833984375,26.704922676086426,0.500335693359375,0.499664306640625,1.499664306640625,39.07254962921142
legacy_pairwise_hc,0.9,30,"[[0,3,4,7],[1],[2,6],[5]]","[4,2,1,1]",4,22855,42681,0.3487396240234375,0.6512603759765625,1.6512603759765625,24.78147997174944,0.500335693359375,0.499664306640625,1.499664306640625,39.07254962921142
objective_aware,0.9,31,"[[0,4],[1,5],[2],[3,6,7]]","[3,2,2,1]",4,31567,33969,0.4816741943359375,0.5183258056640625,1.5183258056640625,67.13853607177734,0.614227294921875,0.385772705078125,1.385772705078125,90.11394729614258
legacy_pairwise_hc,0.9,31,"[[0,4],[1,5],[2,6],[3,7]]","[2,2,2,2]",4,22809,42727,0.3480377197265625,0.6519622802734375,1.6519622802734375,64.35312843322754,0.614227294921875,0.385772705078125,1.385772705078125,90.11394729614258
objective_aware,0.75,0,"[[0],[1],[2,3,4,5,7],[6]]","[5,1,1,1]",4,27713,37823,0.4228668212890625,0.5771331787109375,1.5771331787109375,0.12672947719693184,0.4386749267578125,0.5613250732421875,1.5613250732421875,0.1355750985443592
legacy_pairwise_hc,0.75,0,"[[0],[1],[2,3,4,5,7],[6]]","[5,1,1,1]",4,27713,37823,0.4228668212890625,0.5771331787109375,1.5771331787109375,0.12672947719693184,0.4386749267578125,0.5613250732421875,1.5613250732421875,0.1355750985443592
objective_aware,0.75,1,"[[0,1,2,4,5],[3],[6],[7]]","[5,1,1,1]",4,26431,39105,0.4033050537109375,0.5966949462890625,1.5966949462890625,0.4531985655426979,0.4033050537109375,0.5966949462890625,1.5966949462890625,0.4531985655426979
legacy_pairwise_hc,0.75,1,"[[0,2,6],[1,4],[3],[5,7]]","[3,2,2,1]",4,17553,47983,0.2678375244140625,0.7321624755859375,1.7321624755859375,0.30720740258693696,0.4033050537109375,0.5966949462890625,1.5966949462890625,0.4531985655426979
objective_aware,0.75,2,"[[0,1,2,3,4],[5],[6],[7]]","[5,1,1,1]",4,27035,38501,0.4125213623046875,0.5874786376953125,1.5874786376953125,0.24409200698137284,0.4145660400390625,0.5854339599609375,1.5854339599609375,0.2675840616226196
legacy_pairwise_hc,0.75,2,"[[0,1,2,3,4],[5],[6],[7]]","[5,1,1,1]",4,27035,38501,0.4125213623046875,0.5874786376953125,1.5874786376953125,0.24409200698137284,0.4145660400390625,0.5854339599609375,1.5854339599609375,0.2675840616226196
objective_aware,0.75,3,"[[0,1,2,4,5],[3],[6],[7]]","[5,1,1,1]",4,22990,42546,0.350799560546875,0.649200439453125,1.649200439453125,0.30764433145523074,0.402313232421875,0.597686767578125,1.597686767578125,0.3171242028474808
legacy_pairwise_hc,0.75,3,"[[0,2,4,5],[1],[3],[6,7]]","[4,2,1,1]",4,18114,47422,0.276397705078125,0.723602294921875,1.723602294921875,0.30322309902736116,0.402313232421875,0.597686767578125,1.597686767578125,0.3171242028474808
objective_aware,0.75,4,"[[0],[1],[2,3,5,6,7],[4]]","[5,1,1,1]",4,25176,40360,0.3841552734375,0.6158447265625,1.6158447265625,0.41298668682575224,0.39471435546875,0.60528564453125,1.60528564453125,0.43909434974193573
legacy_pairwise_hc,0.75,4,"[[0,2],[1,5],[3,6,7],[4]]","[3,2,2,1]",4,15478,50058,0.236175537109375,0.763824462890625,1.763824462890625,0.40364550352096557,0.39471435546875,0.60528564453125,1.60528564453125,0.43909434974193573
objective_aware,0.75,5,"[[0,1,4,6,7],[2],[3],[5]]","[5,1,1,1]",4,26525,39011,0.4047393798828125,0.5952606201171875,1.5952606201171875,0.5259082287549972,0.4047393798828125,0.5952606201171875,1.5952606201171875,0.5259082287549972
legacy_pairwise_hc,0.75,5,"[[0,4,6],[1,7],[2,3],[5]]","[3,2,2,1]",4,15418,50118,0.235260009765625,0.764739990234375,1.764739990234375,0.5184065282344819,0.4047393798828125,0.5952606201171875,1.5952606201171875,0.5259082287549972
objective_aware,0.75,6,"[[0,1,2,3,4],[5],[6],[7]]","[5,1,1,1]",4,27857,37679,0.4250640869140625,0.5749359130859375,1.5749359130859375,0.7086998403072358,0.4250640869140625,0.5749359130859375,1.5749359130859375,0.7086998403072358
legacy_pairwise_hc,0.75,6,"[[0,3],[1,2,4],[5,6],[7]]","[3,2,2,1]",4,17020,48516,0.25970458984375,0.74029541015625,1.74029541015625,0.6791138529777527,0.4250640869140625,0.5749359130859375,1.5749359130859375,0.7086998403072358
objective_aware,0.75,7,"[[0,1,3,4,7],[2],[5],[6]]","[5,1,1,1]",4,24475,41061,0.3734588623046875,0.6265411376953125,1.6265411376953125,0.8134241223335266,0.425811767578125,0.574188232421875,1.574188232421875,0.8846524357795715
legacy_pairwise_hc,0.75,7,"[[0,2],[1,3,4],[5,7],[6]]","[3,2,2,1]",4,14943,50593,0.2280120849609375,0.7719879150390625,1.7719879150390625,0.8043620347976684,0.425811767578125,0.574188232421875,1.574188232421875,0.8846524357795715
objective_aware,0.75,8,"[[0,1,3,4,6],[2],[5],[7]]","[5,1,1,1]",4,25154,40382,0.383819580078125,0.616180419921875,1.616180419921875,0.9122452139854431,0.3916168212890625,0.6083831787109375,1.6083831787109375,0.9372064590454101
legacy_pairwise_hc,0.75,8,"[[0,4,6],[1,3,7],[2],[5]]","[3,3,1,1]",4,16665,48871,0.2542877197265625,0.7457122802734375,1.7457122802734375,0.8909328083197275,0.3916168212890625,0.6083831787109375,1.6083831787109375,0.9372064590454101
objective_aware,0.75,9,"[[0,1,3,5,7],[2],[4],[6]]","[5,1,1,1]",4,24220,41316,0.36956787109375,0.63043212890625,1.63043212890625,1.0298081934452057,0.445556640625,0.554443359375,1.554443359375,1.115380311012268
legacy_pairwise_hc,0.75,9,"[[0,5],[1,4,7],[2,3],[6]]","[3,2,2,1]",4,17627,47909,0.2689666748046875,0.7310333251953125,1.7310333251953125,1.0044488072395326,0.445556640625,0.554443359375,1.554443359375,1.115380311012268
objective_aware,0.75,10,"[[0],[1,3],[2,4,7],[5,6]]","[3,2,2,1]",4,23843,41693,0.3638153076171875,0.6361846923828125,1.6361846923828125,1.2842775344848634,0.4619293212890625,0.5380706787109375,1.5380706787109375,1.443949007987976
legacy_pairwise_hc,0.75,10,"[[0],[1,3],[2,4,7],[5,6]]","[3,2,2,1]",4,23843,41693,0.3638153076171875,0.6361846923828125,1.6361846923828125,1.2842775344848634,0.4619293212890625,0.5380706787109375,1.5380706787109375,1.443949007987976
objective_aware,0.75,11,"[[0,1,6,7],[2,5],[3],[4]]","[4,2,1,1]",4,29627,35909,0.4520721435546875,0.5479278564453125,1.5479278564453125,1.4831133059092931,0.5067901611328125,0.4932098388671875,1.4932098388671875,2.029581129550934
legacy_pairwise_hc,0.75,11,"[[0,1,6,7],[2,5],[3],[4]]","[4,2,1,1]",4,29627,35909,0.4520721435546875,0.5479278564453125,1.5479278564453125,1.4831133059092931,0.5067901611328125,0.4932098388671875,1.4932098388671875,2.029581129550934
objective_aware,0.75,12,"[[0,1,2,4,5],[3],[6],[7]]","[5,1,1,1]",4,28299,37237,0.4318084716796875,0.5681915283203125,1.5681915283203125,1.5472447156906128,0.5006561279296875,0.4993438720703125,1.4993438720703125,1.7295993447303772
legacy_pairwise_hc,0.75,12,"[[0,4,5],[1,3],[2,6],[7]]","[3,2,2,1]",4,21429,44107,0.3269805908203125,0.6730194091796875,1.6730194091796875,1.554681420326233,0.5006561279296875,0.4993438720703125,1.4993438720703125,1.7295993447303772
objective_aware,0.75,13,"[[0],[1,3,5,6],[2,7],[4]]","[4,2,1,1]",4,23224,42312,0.3543701171875,0.6456298828125,1.6456298828125,1.6692981719970703,0.45477294921875,0.54522705078125,1.54522705078125,1.7279566645622253
legacy_pairwise_hc,0.75,13,"[[0],[1,3,5,6],[2,7],[4]]","[4,2,1,1]",4,23224,42312,0.3543701171875,0.6456298828125,1.6456298828125,1.6692981719970703,0.45477294921875,0.54522705078125,1.54522705078125,1.7279566645622253
objective_aware,0.75,14,"[[0],[1,4,5,6,7],[2],[3]]","[5,1,1,1]",4,32276,33260,0.49249267578125,0.50750732421875,1.50750732421875,2.2715713024139403,0.49249267578125,0.50750732421875,1.50750732421875,2.2715713024139403
legacy_pairwise_hc,0.75,14,"[[0,3],[1],[2],[4,5,6,7]]","[4,2,1,1]",4,26525,39011,0.4047393798828125,0.5952606201171875,1.5952606201171875,2.1944994245256697,0.49249267578125,0.50750732421875,1.50750732421875,2.2715713024139403
objective_aware,0.75,15,"[[0],[1,2,4,5,7],[3],[6]]","[5,1,1,1]",4,27622,37914,0.421478271484375,0.578521728515625,1.578521728515625,2.290358245372772,0.4714202880859375,0.5285797119140625,1.5285797119140625,2.443004322052002
legacy_pairwise_hc,0.75,15,"[[0,1,5],[2,4,7],[3],[6]]","[3,3,1,1]",4,22536,43000,0.3438720703125,0.6561279296875,1.6561279296875,2.2101231614748635,0.4714202880859375,0.5285797119140625,1.5285797119140625,2.443004322052002
objective_aware,0.75,16,"[[0],[1],[2,3,4,6,7],[5]]","[5,1,1,1]",4,24684,40852,0.37664794921875,0.62335205078125,1.62335205078125,2.3671871423721313,0.454498291015625,0.545501708984375,1.545501708984375,2.7391475677490233
legacy_pairwise_hc,0.75,16,"[[0,1],[2],[3,4,6,7],[5]]","[4,2,1,1]",4,23247,42289,0.3547210693359375,0.6452789306640625,1.6452789306640625,2.348903179168701,0.454498291015625,0.545501708984375,1.545501708984375,2.7391475677490233
objective_aware,0.75,17,"[[0],[1],[2,3,5,6,7],[4]]","[5,1,1,1]",4,22286,43250,0.340057373046875,0.659942626953125,1.659942626953125,3.1226359367370606,0.4613037109375,0.5386962890625,1.5386962890625,3.896775317192078
legacy_pairwise_hc,0.75,17,"[[0],[1],[2,4,5],[3,6,7]]","[3,3,1,1]",4,20744,44792,0.3165283203125,0.6834716796875,1.6834716796875,3.1035346587498984,0.4613037109375,0.5386962890625,1.5386962890625,3.896775317192078
objective_aware,0.75,18,"[[0],[1,3,6],[2],[4,5,7]]","[3,3,1,1]",4,20079,45457,0.3063812255859375,0.6936187744140625,1.6936187744140625,3.760180393854777,0.4247283935546875,0.5752716064453125,1.5752716064453125,4.471731019020081
legacy_pairwise_hc,0.75,18,"[[0],[1,3,6],[2],[4,5,7]]","[3,3,1,1]",4,20079,45457,0.3063812255859375,0.6936187744140625,1.6936187744140625,3.760180393854777,0.4247283935546875,0.5752716064453125,1.5752716064453125,4.471731019020081
objective_aware,0.75,19,"[[0,2,3,5,7],[1],[4],[6]]","[5,1,1,1]",4,27235,38301,0.4155731201171875,0.5844268798828125,1.5844268798828125,4.08672080039978,0.45269775390625,0.54730224609375,1.54730224609375,4.786185026168823
legacy_pairwise_hc,0.75,19,"[[0,3,6],[1],[2,5,7],[4]]","[3,3,1,1]",4,21448,44088,0.3272705078125,0.6727294921875,1.6727294921875,4.065904299418132,0.45269775390625,0.54730224609375,1.54730224609375,4.786185026168823
objective_aware,0.75,20,"[[0,2,3,6],[1,7],[4],[5]]","[4,2,1,1]",4,17627,47909,0.2689666748046875,0.7310333251953125,1.7310333251953125,3.526900666100638,0.4051055908203125,0.5948944091796875,1.5948944091796875,3.9451783895492554
legacy_pairwise_hc,0.75,20,"[[0,2,3,6],[1,7],[4],[5]]","[4,2,1,1]",4,17627,47909,0.2689666748046875,0.7310333251953125,1.7310333251953125,3.526900666100638,0.4051055908203125,0.5948944091796875,1.5948944091796875,3.9451783895492554
objective_aware,0.75,21,"[[0],[1],[2,3,4,6,7],[5]]","[5,1,1,1]",4,25893,39643,0.3950958251953125,0.6049041748046875,1.6049041748046875,3.428281307220459,0.3992462158203125,0.6007537841796875,1.6007537841796875,3.6141162157058715
legacy_pairwise_hc,0.75,21,"[[0],[1,3,4],[2,6,7],[5]]","[3,3,1,1]",4,16444,49092,0.25091552734375,0.74908447265625,1.74908447265625,3.3783720334370932,0.3992462158203125,0.6007537841796875,1.6007537841796875,3.6141162157058715
objective_aware,0.75,22,"[[0,3,4,6],[1,2],[5],[7]]","[4,2,1,1]",4,19425,46111,0.2964019775390625,0.7035980224609375,1.7035980224609375,3.3992505414145335,0.42486572265625,0.57513427734375,1.57513427734375,3.639899230003357
legacy_pairwise_hc,0.75,22,"[[0,5],[1,2],[3,4,6],[7]]","[3,2,2,1]",4,17121,48415,0.2612457275390625,0.7387542724609375,1.7387542724609375,3.4018197536468504,0.42486572265625,0.57513427734375,1.57513427734375,3.639899230003357
objective_aware,0.75,23,"[[0],[1,6],[2,4,5,7],[3]]","[4,2,1,1]",4,24712,40824,0.3770751953125,0.6229248046875,1.6229248046875,3.619023220879691,0.441741943359375,0.558258056640625,1.558258056640625,3.645433712005615
legacy_pairwise_hc,0.75,23,"[[0,4,7],[1,6],[2,5],[3]]","[3,2,2,1]",4,20654,44882,0.315155029296875,0.684844970703125,1.684844970703125,3.6076627731323243,0.441741943359375,0.558258056640625,1.558258056640625,3.645433712005615
objective_aware,0.75,24,"[[0,2,3,4,7],[1],[5],[6]]","[5,1,1,1]",4,27205,38331,0.4151153564453125,0.5848846435546875,1.5848846435546875,3.576426863670349,0.4151153564453125,0.5848846435546875,1.5848846435546875,3.576426863670349
legacy_pairwise_hc,0.75,24,"[[0,2,3],[1],[4,7],[5,6]]","[3,2,2,1]",4,18010,47526,0.274810791015625,0.725189208984375,1.725189208984375,3.50611891746521,0.4151153564453125,0.5848846435546875,1.5848846435546875,3.576426863670349
objective_aware,0.75,25,"[[0],[1],[2,3,5,6,7],[4]]","[5,1,1,1]",4,21257,44279,0.3243560791015625,0.6756439208984375,1.6756439208984375,3.777599048614502,0.4154205322265625,0.5845794677734375,1.5845794677734375,4.068607473373413
legacy_pairwise_hc,0.75,25,"[[0],[1,2,3,6],[4],[5,7]]","[4,2,1,1]",4,20417,45119,0.3115386962890625,0.6884613037109375,1.6884613037109375,3.8020602634974887,0.4154205322265625,0.5845794677734375,1.5845794677734375,4.068607473373413
objective_aware,0.75,26,"[[0,2,3,5,7],[1],[4],[6]]","[5,1,1,1]",4,31801,33735,0.4852447509765625,0.5147552490234375,1.5147552490234375,4.250477814674378,0.4852447509765625,0.5147552490234375,1.5147552490234375,4.250477814674378
legacy_pairwise_hc,0.75,26,"[[0,2,3,5,7],[1],[4],[6]]","[5,1,1,1]",4,31801,33735,0.4852447509765625,0.5147552490234375,1.5147552490234375,4.250477814674378,0.4852447509765625,0.5147552490234375,1.5147552490234375,4.250477814674378
objective_aware,0.75,27,"[[0,3,4,6,7],[1],[2],[5]]","[5,1,1,1]",4,22972,42564,0.35052490234375,0.64947509765625,1.64947509765625,5.330825614929199,0.4333953857421875,0.5666046142578125,1.5666046142578125,6.307678651809693
legacy_pairwise_hc,0.75,27,"[[0,3,4,6],[1,7],[2],[5]]","[4,2,1,1]",4,20292,45244,0.30963134765625,0.69036865234375,1.69036865234375,5.259090627942767,0.4333953857421875,0.5666046142578125,1.5666046142578125,6.307678651809693
objective_aware,0.75,28,"[[0,5,6],[1,2,7],[3],[4]]","[3,3,1,1]",4,15471,50065,0.2360687255859375,0.7639312744140625,1.7639312744140625,7.686826308568318,0.4878997802734375,0.5121002197265625,1.5121002197265625,9.362681341171264
legacy_pairwise_hc,0.75,28,"[[0,5,6],[1,2,7],[3],[4]]","[3,3,1,1]",4,15471,50065,0.2360687255859375,0.7639312744140625,1.7639312744140625,7.686826308568318,0.4878997802734375,0.5121002197265625,1.5121002197265625,9.362681341171264
objective_aware,0.75,29,"[[0,2],[1,3,6,7],[4],[5]]","[4,2,1,1]",4,28742,36794,0.438568115234375,0.561431884765625,1.561431884765625,13.549755641392299,0.4679107666015625,0.5320892333984375,1.5320892333984375,14.581612586975098
legacy_pairwise_hc,0.75,29,"[[0,2],[1,7],[3,6],[4,5]]","[2,2,2,2]",4,28406,37130,0.433441162109375,0.566558837890625,1.566558837890625,13.234959363937378,0.4679107666015625,0.5320892333984375,1.5320892333984375,14.581612586975098
objective_aware,0.75,30,"[[0,2,4,6,7],[1],[3],[5]]","[5,1,1,1]",4,30409,35127,0.4640045166015625,0.5359954833984375,1.5359954833984375,26.704922676086426,0.500335693359375,0.499664306640625,1.499664306640625,39.07254962921142
legacy_pairwise_hc,0.75,30,"[[0,3,4,7],[1],[2,6],[5]]","[4,2,1,1]",4,22855,42681,0.3487396240234375,0.6512603759765625,1.6512603759765625,24.78147997174944,0.500335693359375,0.499664306640625,1.499664306640625,39.07254962921142
objective_aware,0.75,31,"[[0,4,6],[1,5],[2,7],[3]]","[3,2,2,1]",4,38226,27310,0.583282470703125,0.416717529296875,1.416717529296875,71.47028427124023,0.614227294921875,0.385772705078125,1.385772705078125,90.11394729614258
legacy_pairwise_hc,0.75,31,"[[0,4],[1,5],[2,7],[3,6]]","[2,2,2,2]",4,38999,26537,0.5950775146484375,0.4049224853515625,1.4049224853515625,71.0907621383667,0.614227294921875,0.385772705078125,1.385772705078125,90.11394729614258
objective_aware,0.5,0,"[[0],[1],[2,3,4,5,7],[6]]","[5,1,1,1]",4,27713,37823,0.4228668212890625,0.5771331787109375,1.5771331787109375,0.12672947719693184,0.4386749267578125,0.5613250732421875,1.5613250732421875,0.1355750985443592
legacy_pairwise_hc,0.5,0,"[[0,1],[2,3,5,7],[4],[6]]","[4,2,1,1]",4,26590,38946,0.405731201171875,0.594268798828125,1.594268798828125,0.1328099167772702,0.4386749267578125,0.5613250732421875,1.5613250732421875,0.1355750985443592
objective_aware,0.5,1,"[[0,1,2,4,5],[3],[6],[7]]","[5,1,1,1]",4,26431,39105,0.4033050537109375,0.5966949462890625,1.5966949462890625,0.4531985655426979,0.4033050537109375,0.5966949462890625,1.5966949462890625,0.4531985655426979
legacy_pairwise_hc,0.5,1,"[[0,2,6],[1,4],[3],[5,7]]","[3,2,2,1]",4,17553,47983,0.2678375244140625,0.7321624755859375,1.7321624755859375,0.30720740258693696,0.4033050537109375,0.5966949462890625,1.5966949462890625,0.4531985655426979
objective_aware,0.5,2,"[[0],[1,2,3,4,5],[6],[7]]","[5,1,1,1]",4,25339,40197,0.3866424560546875,0.6133575439453125,1.6133575439453125,0.2584629088640213,0.4145660400390625,0.5854339599609375,1.5854339599609375,0.2675840616226196
legacy_pairwise_hc,0.5,2,"[[0,2,3,4],[1,5],[6],[7]]","[4,2,1,1]",4,21373,44163,0.3261260986328125,0.6738739013671875,1.6738739013671875,0.2506440856627056,0.4145660400390625,0.5854339599609375,1.5854339599609375,0.2675840616226196
objective_aware,0.5,3,"[[0,2,3,4,5],[1],[6],[7]]","[5,1,1,1]",4,26366,39170,0.402313232421875,0.597686767578125,1.597686767578125,0.3171242028474808,0.402313232421875,0.597686767578125,1.597686767578125,0.3171242028474808
legacy_pairwise_hc,0.5,3,"[[0,3,5],[1],[2,4],[6,7]]","[3,2,2,1]",4,15879,49657,0.2422943115234375,0.7577056884765625,1.7577056884765625,0.3084076166152954,0.402313232421875,0.597686767578125,1.597686767578125,0.3171242028474808
objective_aware,0.5,4,"[[0],[1,3,5,6,7],[2],[4]]","[5,1,1,1]",4,24756,40780,0.37774658203125,0.62225341796875,1.62225341796875,0.41262787878513335,0.39471435546875,0.60528564453125,1.60528564453125,0.43909434974193573
legacy_pairwise_hc,0.5,4,"[[0,4],[1,5],[2],[3,6,7]]","[3,2,2,1]",4,16301,49235,0.2487335205078125,0.7512664794921875,1.7512664794921875,0.4078420281410217,0.39471435546875,0.60528564453125,1.60528564453125,0.43909434974193573
objective_aware,0.5,5,"[[0,1,4,6,7],[2],[3],[5]]","[5,1,1,1]",4,26525,39011,0.4047393798828125,0.5952606201171875,1.5952606201171875,0.5259082287549972,0.4047393798828125,0.5952606201171875,1.5952606201171875,0.5259082287549972
legacy_pairwise_hc,0.5,5,"[[0,4],[1,7],[2,3],[5,6]]","[2,2,2,2]",4,14920,50616,0.2276611328125,0.7723388671875,1.7723388671875,0.5248953849077225,0.4047393798828125,0.5952606201171875,1.5952606201171875,0.5259082287549972
objective_aware,0.5,6,"[[0,1,2,3,4],[5],[6],[7]]","[5,1,1,1]",4,27857,37679,0.4250640869140625,0.5749359130859375,1.5749359130859375,0.7086998403072358,0.4250640869140625,0.5749359130859375,1.5749359130859375,0.7086998403072358
legacy_pairwise_hc,0.5,6,"[[0,3],[1,2,4],[5,6],[7]]","[3,2,2,1]",4,17020,48516,0.25970458984375,0.74029541015625,1.74029541015625,0.6791138529777527,0.4250640869140625,0.5749359130859375,1.5749359130859375,0.7086998403072358
objective_aware,0.5,7,"[[0],[1,3,4,5,7],[2],[6]]","[5,1,1,1]",4,26644,38892,0.40655517578125,0.59344482421875,1.59344482421875,0.8257280766963959,0.425811767578125,0.574188232421875,1.574188232421875,0.8846524357795715
legacy_pairwise_hc,0.5,7,"[[0,2],[1,3,4],[5,7],[6]]","[3,2,2,1]",4,14943,50593,0.2280120849609375,0.7719879150390625,1.7719879150390625,0.8043620347976684,0.425811767578125,0.574188232421875,1.574188232421875,0.8846524357795715
objective_aware,0.5,8,"[[0,1,3,4,6],[2],[5],[7]]","[5,1,1,1]",4,25154,40382,0.383819580078125,0.616180419921875,1.616180419921875,0.9122452139854431,0.3916168212890625,0.6083831787109375,1.6083831787109375,0.9372064590454101
legacy_pairwise_hc,0.5,8,"[[0,5],[1,3,7],[2],[4,6]]","[3,2,2,1]",4,16034,49502,0.244659423828125,0.755340576171875,1.755340576171875,0.9562472462654114,0.3916168212890625,0.6083831787109375,1.6083831787109375,0.9372064590454101
objective_aware,0.5,9,"[[0,1,2,5,7],[3],[4],[6]]","[5,1,1,1]",4,26510,39026,0.404510498046875,0.595489501953125,1.595489501953125,1.049297434091568,0.445556640625,0.554443359375,1.554443359375,1.115380311012268
legacy_pairwise_hc,0.5,9,"[[0,5,6],[1,7],[2,3],[4]]","[3,2,2,1]",4,20608,44928,0.314453125,0.685546875,1.685546875,1.0432774066925048,0.445556640625,0.554443359375,1.554443359375,1.115380311012268
objective_aware,0.5,10,"[[0],[1,3],[2],[4,5,6,7]]","[4,2,1,1]",4,25967,39569,0.3962249755859375,0.6037750244140625,1.6037750244140625,1.3638418742588587,0.4619293212890625,0.5380706787109375,1.5380706787109375,1.443949007987976
legacy_pairwise_hc,0.5,10,"[[0],[1,3],[2,4,7],[5,6]]","[3,2,2,1]",4,23843,41693,0.3638153076171875,0.6361846923828125,1.6361846923828125,1.2842775344848634,0.4619293212890625,0.5380706787109375,1.5380706787109375,1.443949007987976
objective_aware,0.5,11,"[[0,1,6,7],[2,5],[3],[4]]","[4,2,1,1]",4,29627,35909,0.4520721435546875,0.5479278564453125,1.5479278564453125,1.4831133059092931,0.5067901611328125,0.4932098388671875,1.4932098388671875,2.029581129550934
legacy_pairwise_hc,0.5,11,"[[0,1,6,7],[2,5],[3],[4]]","[4,2,1,1]",4,29627,35909,0.4520721435546875,0.5479278564453125,1.5479278564453125,1.4831133059092931,0.5067901611328125,0.4932098388671875,1.4932098388671875,2.029581129550934
objective_aware,0.5,12,"[[0],[1,2,3,5,6],[4],[7]]","[5,1,1,1]",4,32811,32725,0.5006561279296875,0.4993438720703125,1.4993438720703125,1.7295993447303772,0.5006561279296875,0.4993438720703125,1.4993438720703125,1.7295993447303772
legacy_pairwise_hc,0.5,12,"[[0,4,5],[1,3],[2,6],[7]]","[3,2,2,1]",4,21429,44107,0.3269805908203125,0.6730194091796875,1.6730194091796875,1.554681420326233,0.5006561279296875,0.4993438720703125,1.4993438720703125,1.7295993447303772
objective_aware,0.5,13,"[[0,1,3,5,6],[2],[4],[7]]","[5,1,1,1]",4,29804,35732,0.45477294921875,0.54522705078125,1.54522705078125,1.7279566645622253,0.45477294921875,0.54522705078125,1.54522705078125,1.7279566645622253
legacy_pairwise_hc,0.5,13,"[[0],[1,6],[2,4,7],[3,5]]","[3,2,2,1]",4,21432,44104,0.3270263671875,0.6729736328125,1.6729736328125,1.6982540607452392,0.45477294921875,0.54522705078125,1.54522705078125,1.7279566645622253
objective_aware,0.5,14,"[[0],[1,4,5,6,7],[2],[3]]","[5,1,1,1]",4,32276,33260,0.49249267578125,0.50750732421875,1.50750732421875,2.2715713024139403,0.49249267578125,0.50750732421875,1.50750732421875,2.2715713024139403
legacy_pairwise_hc,0.5,14,"[[0,3],[1,5,6,7],[2],[4]]","[4,2,1,1]",4,29767,35769,0.4542083740234375,0.5457916259765625,1.5457916259765625,2.2668678419930592,0.49249267578125,0.50750732421875,1.50750732421875,2.2715713024139403
objective_aware,0.5,15,"[[0],[1,2,4,5,7],[3],[6]]","[5,1,1,1]",4,27622,37914,0.421478271484375,0.578521728515625,1.578521728515625,2.290358245372772,0.4714202880859375,0.5285797119140625,1.5285797119140625,2.443004322052002
legacy_pairwise_hc,0.5,15,"[[0,5],[1,4,7],[2,6],[3]]","[3,2,2,1]",4,23667,41869,0.3611297607421875,0.6388702392578125,1.6388702392578125,2.293141984939575,0.4714202880859375,0.5285797119140625,1.5285797119140625,2.443004322052002
objective_aware,0.5,16,"[[0,1,2,3,7],[4],[5],[6]]","[5,1,1,1]",4,27922,37614,0.426055908203125,0.573944091796875,1.573944091796875,2.777230954170227,0.454498291015625,0.545501708984375,1.545501708984375,2.7391475677490233
legacy_pairwise_hc,0.5,16,"[[0,1],[2],[3,4,6,7],[5]]","[4,2,1,1]",4,23247,42289,0.3547210693359375,0.6452789306640625,1.6452789306640625,2.348903179168701,0.454498291015625,0.545501708984375,1.545501708984375,2.7391475677490233
objective_aware,0.5,17,"[[0],[1,3,4,6,7],[2],[5]]","[5,1,1,1]",4,28919,36617,0.4412689208984375,0.5587310791015625,1.5587310791015625,3.3803613662719725,0.4613037109375,0.5386962890625,1.5386962890625,3.896775317192078
legacy_pairwise_hc,0.5,17,"[[0],[1,3,6],[2,5],[4,7]]","[3,2,2,1]",4,20099,45437,0.3066864013671875,0.6933135986328125,1.6933135986328125,3.202444076538086,0.4613037109375,0.5386962890625,1.5386962890625,3.896775317192078
objective_aware,0.5,18,"[[0],[1],[2],[3,4,5,6,7]]","[5,1,1,1]",4,25489,40047,0.3889312744140625,0.6110687255859375,1.6110687255859375,4.073644232749939,0.4247283935546875,0.5752716064453125,1.5752716064453125,4.471731019020081
legacy_pairwise_hc,0.5,18,"[[0],[1,3,6],[2],[4,5,7]]","[3,3,1,1]",4,20079,45457,0.3063812255859375,0.6936187744140625,1.6936187744140625,3.760180393854777,0.4247283935546875,0.5752716064453125,1.5752716064453125,4.471731019020081
objective_aware,0.5,19,"[[0,2,3,5,7],[1],[4],[6]]","[5,1,1,1]",4,27235,38301,0.4155731201171875,0.5844268798828125,1.5844268798828125,4.08672080039978,0.45269775390625,0.54730224609375,1.54730224609375,4.786185026168823
legacy_pairwise_hc,0.5,19,"[[0,3],[1],[2,5,7],[4,6]]","[3,2,2,1]",4,23792,41744,0.363037109375,0.636962890625,1.636962890625,4.377289485931397,0.45269775390625,0.54730224609375,1.54730224609375,4.786185026168823
objective_aware,0.5,20,"[[0],[1,2,3,4,7],[5],[6]]","[5,1,1,1]",4,24849,40687,0.3791656494140625,0.6208343505859375,1.6208343505859375,3.6879799604415893,0.4051055908203125,0.5948944091796875,1.5948944091796875,3.9451783895492554
legacy_pairwise_hc,0.5,20,"[[0,6],[1,3,7],[2,4],[5]]","[3,2,2,1]",4,15154,50382,0.231231689453125,0.768768310546875,1.768768310546875,3.580891990661621,0.4051055908203125,0.5948944091796875,1.5948944091796875,3.9451783895492554
objective_aware,0.5,21,"[[0],[1],[2,3,4,6,7],[5]]","[5,1,1,1]",4,25893,39643,0.3950958251953125,0.6049041748046875,1.6049041748046875,3.428281307220459,0.3992462158203125,0.6007537841796875,1.6007537841796875,3.6141162157058715
legacy_pairwise_hc,0.5,21,"[[0],[1,4],[2,3,6,7],[5]]","[4,2,1,1]",4,19193,46343,0.2928619384765625,0.7071380615234375,1.7071380615234375,3.417833089828491,0.3992462158203125,0.6007537841796875,1.6007537841796875,3.6141162157058715
objective_aware,0.5,22,"[[0,1,3,4,6],[2],[5],[7]]","[5,1,1,1]",4,24880,40656,0.379638671875,0.620361328125,1.620361328125,3.4718147993087767,0.42486572265625,0.57513427734375,1.57513427734375,3.639899230003357
legacy_pairwise_hc,0.5,22,"[[0,5],[1],[2,7],[3,4,6]]","[3,2,2,1]",4,18677,46859,0.2849884033203125,0.7150115966796875,1.7150115966796875,3.4456594944000245,0.42486572265625,0.57513427734375,1.57513427734375,3.639899230003357
objective_aware,0.5,23,"[[0],[1,2,3,5,6],[4],[7]]","[5,1,1,1]",4,25515,40021,0.3893280029296875,0.6106719970703125,1.6106719970703125,3.7738932609558105,0.441741943359375,0.558258056640625,1.558258056640625,3.645433712005615
legacy_pairwise_hc,0.5,23,"[[0,4,7],[1,6],[2,5],[3]]","[3,2,2,1]",4,20654,44882,0.315155029296875,0.684844970703125,1.684844970703125,3.6076627731323243,0.441741943359375,0.558258056640625,1.558258056640625,3.645433712005615
objective_aware,0.5,24,"[[0,2,3,4,7],[1],[5],[6]]","[5,1,1,1]",4,27205,38331,0.4151153564453125,0.5848846435546875,1.5848846435546875,3.576426863670349,0.4151153564453125,0.5848846435546875,1.5848846435546875,3.576426863670349
legacy_pairwise_hc,0.5,24,"[[0,2,3],[1],[4,7],[5,6]]","[3,2,2,1]",4,18010,47526,0.274810791015625,0.725189208984375,1.725189208984375,3.50611891746521,0.4151153564453125,0.5848846435546875,1.5848846435546875,3.576426863670349
objective_aware,0.5,25,"[[0,5],[1],[2,3,6],[4,7]]","[3,2,2,1]",4,18259,47277,0.2786102294921875,0.7213897705078125,1.7213897705078125,3.791467618942261,0.4154205322265625,0.5845794677734375,1.5845794677734375,4.068607473373413
legacy_pairwise_hc,0.5,25,"[[0,5],[1,6],[2,3],[4,7]]","[2,2,2,2]",4,16616,48920,0.2535400390625,0.7464599609375,1.7464599609375,3.8248549699783325,0.4154205322265625,0.5845794677734375,1.5845794677734375,4.068607473373413
objective_aware,0.5,26,"[[0,2,3,5,7],[1],[4],[6]]","[5,1,1,1]",4,31801,33735,0.4852447509765625,0.5147552490234375,1.5147552490234375,4.250477814674378,0.4852447509765625,0.5147552490234375,1.5147552490234375,4.250477814674378
legacy_pairwise_hc,0.5,26,"[[0,7],[1,6],[2,3,5],[4]]","[3,2,2,1]",4,21920,43616,0.33447265625,0.66552734375,1.66552734375,4.267577409744263,0.4852447509765625,0.5147552490234375,1.5147552490234375,4.250477814674378
objective_aware,0.5,27,"[[0,3,4,5,6],[1],[2],[7]]","[5,1,1,1]",4,28119,37417,0.4290618896484375,0.5709381103515625,1.5709381103515625,5.5819800853729244,0.4333953857421875,0.5666046142578125,1.5666046142578125,6.307678651809693
legacy_pairwise_hc,0.5,27,"[[0,3,4],[1,7],[2],[5,6]]","[3,2,2,1]",4,18319,47217,0.2795257568359375,0.7204742431640625,1.7204742431640625,5.442244625091552,0.4333953857421875,0.5666046142578125,1.5666046142578125,6.307678651809693
objective_aware,0.5,28,"[[0,4,5],[1,2,3],[6],[7]]","[3,3,1,1]",4,23825,41711,0.3635406494140625,0.6364593505859375,1.6364593505859375,8.733264764149984,0.4878997802734375,0.5121002197265625,1.5121002197265625,9.362681341171264
legacy_pairwise_hc,0.5,28,"[[0,4,5],[1,2],[3],[6,7]]","[3,2,2,1]",4,23784,41752,0.3629150390625,0.6370849609375,1.6370849609375,8.964412498474122,0.4878997802734375,0.5121002197265625,1.5121002197265625,9.362681341171264
objective_aware,0.5,29,"[[0,2],[1,3,6,7],[4],[5]]","[4,2,1,1]",4,28742,36794,0.438568115234375,0.561431884765625,1.561431884765625,13.549755641392299,0.4679107666015625,0.5320892333984375,1.5320892333984375,14.581612586975098
legacy_pairwise_hc,0.5,29,"[[0,2],[1,7],[3,6],[4,5]]","[2,2,2,2]",4,28406,37130,0.433441162109375,0.566558837890625,1.566558837890625,13.234959363937378,0.4679107666015625,0.5320892333984375,1.5320892333984375,14.581612586975098
objective_aware,0.5,30,"[[0,2,4,6,7],[1],[3],[5]]","[5,1,1,1]",4,30409,35127,0.4640045166015625,0.5359954833984375,1.5359954833984375,26.704922676086426,0.500335693359375,0.499664306640625,1.499664306640625,39.07254962921142
legacy_pairwise_hc,0.5,30,"[[0,4],[1],[2,6,7],[3,5]]","[3,2,2,1]",4,26683,38853,0.4071502685546875,0.5928497314453125,1.5928497314453125,32.559074783325194,0.500335693359375,0.499664306640625,1.499664306640625,39.07254962921142
objective_aware,0.5,31,"[[0,4,6],[1,5],[2,7],[3]]","[3,2,2,1]",4,38226,27310,0.583282470703125,0.416717529296875,1.416717529296875,71.47028427124023,0.614227294921875,0.385772705078125,1.385772705078125,90.11394729614258
legacy_pairwise_hc,0.5,31,"[[0,4],[1,5],[2,7],[3,6]]","[2,2,2,2]",4,38999,26537,0.5950775146484375,0.4049224853515625,1.4049224853515625,71.0907621383667,0.614227294921875,0.385772705078125,1.385772705078125,90.11394729614258
objective_aware,0.25,0,"[[0,1,4,5,7],[2],[3],[6]]","[5,1,1,1]",4,28191,37345,0.4301605224609375,0.5698394775390625,1.5698394775390625,0.14568469747900964,0.4386749267578125,0.5613250732421875,1.5613250732421875,0.1355750985443592
legacy_pairwise_hc,0.25,0,"[[0,1],[2,3,5,7],[4],[6]]","[4,2,1,1]",4,26590,38946,0.405731201171875,0.594268798828125,1.594268798828125,0.1328099167772702,0.4386749267578125,0.5613250732421875,1.5613250732421875,0.1355750985443592
objective_aware,0.25,1,"[[0,1,2,4,5],[3],[6],[7]]","[5,1,1,1]",4,26431,39105,0.4033050537109375,0.5966949462890625,1.5966949462890625,0.4531985655426979,0.4033050537109375,0.5966949462890625,1.5966949462890625,0.4531985655426979
legacy_pairwise_hc,0.25,1,"[[0,2,6],[1,4],[3],[5,7]]","[3,2,2,1]",4,17553,47983,0.2678375244140625,0.7321624755859375,1.7321624755859375,0.30720740258693696,0.4033050537109375,0.5966949462890625,1.5966949462890625,0.4531985655426979
objective_aware,0.25,2,"[[0],[1,2,3,5,6],[4],[7]]","[5,1,1,1]",4,27169,38367,0.4145660400390625,0.5854339599609375,1.5854339599609375,0.2675840616226196,0.4145660400390625,0.5854339599609375,1.5854339599609375,0.2675840616226196
legacy_pairwise_hc,0.25,2,"[[0,2,3,4],[1,5],[6],[7]]","[4,2,1,1]",4,21373,44163,0.3261260986328125,0.6738739013671875,1.6738739013671875,0.2506440856627056,0.4145660400390625,0.5854339599609375,1.5854339599609375,0.2675840616226196
objective_aware,0.25,3,"[[0,2,3,4,5],[1],[6],[7]]","[5,1,1,1]",4,26366,39170,0.402313232421875,0.597686767578125,1.597686767578125,0.3171242028474808,0.402313232421875,0.597686767578125,1.597686767578125,0.3171242028474808
legacy_pairwise_hc,0.25,3,"[[0,3,5],[1,6],[2,7],[4]]","[3,2,2,1]",4,16661,48875,0.2542266845703125,0.7457733154296875,1.7457733154296875,0.31745120882987976,0.402313232421875,0.597686767578125,1.597686767578125,0.3171242028474808
objective_aware,0.25,4,"[[0],[1,3,5,6,7],[2],[4]]","[5,1,1,1]",4,24756,40780,0.37774658203125,0.62225341796875,1.62225341796875,0.41262787878513335,0.39471435546875,0.60528564453125,1.60528564453125,0.43909434974193573
legacy_pairwise_hc,0.25,4,"[[0,4],[1,5],[2,7],[3,6]]","[2,2,2,2]",4,14331,51205,0.2186737060546875,0.7813262939453125,1.7813262939453125,0.41532284766435623,0.39471435546875,0.60528564453125,1.60528564453125,0.43909434974193573
objective_aware,0.25,5,"[[0,1,4,6,7],[2],[3],[5]]","[5,1,1,1]",4,26525,39011,0.4047393798828125,0.5952606201171875,1.5952606201171875,0.5259082287549972,0.4047393798828125,0.5952606201171875,1.5952606201171875,0.5259082287549972
legacy_pairwise_hc,0.25,5,"[[0,4],[1,7],[2,3],[5,6]]","[2,2,2,2]",4,14920,50616,0.2276611328125,0.7723388671875,1.7723388671875,0.5248953849077225,0.4047393798828125,0.5952606201171875,1.5952606201171875,0.5259082287549972
objective_aware,0.25,6,"[[0,1,2,3,4],[5],[6],[7]]","[5,1,1,1]",4,27857,37679,0.4250640869140625,0.5749359130859375,1.5749359130859375,0.7086998403072358,0.4250640869140625,0.5749359130859375,1.5749359130859375,0.7086998403072358
legacy_pairwise_hc,0.25,6,"[[0,3],[1,2,4],[5,6],[7]]","[3,2,2,1]",4,17020,48516,0.25970458984375,0.74029541015625,1.74029541015625,0.6791138529777527,0.4250640869140625,0.5749359130859375,1.5749359130859375,0.7086998403072358
objective_aware,0.25,7,"[[0],[1,3,4,5,7],[2],[6]]","[5,1,1,1]",4,26644,38892,0.40655517578125,0.59344482421875,1.59344482421875,0.8257280766963959,0.425811767578125,0.574188232421875,1.574188232421875,0.8846524357795715
legacy_pairwise_hc,0.25,7,"[[0,2],[1,4],[3],[5,6,7]]","[3,2,2,1]",4,15989,49547,0.2439727783203125,0.7560272216796875,1.7560272216796875,0.8487564206123352,0.425811767578125,0.574188232421875,1.574188232421875,0.8846524357795715
objective_aware,0.25,8,"[[0],[1,3,4,6,7],[2],[5]]","[5,1,1,1]",4,25665,39871,0.3916168212890625,0.6083831787109375,1.6083831787109375,0.9372064590454101,0.3916168212890625,0.6083831787109375,1.6083831787109375,0.9372064590454101
legacy_pairwise_hc,0.25,8,"[[0,5],[1,3,7],[2],[4,6]]","[3,2,2,1]",4,16034,49502,0.244659423828125,0.755340576171875,1.755340576171875,0.9562472462654114,0.3916168212890625,0.6083831787109375,1.6083831787109375,0.9372064590454101
objective_aware,0.25,9,"[[0,2,3,5,6],[1],[4],[7]]","[5,1,1,1]",4,29200,36336,0.445556640625,0.554443359375,1.554443359375,1.115380311012268,0.445556640625,0.554443359375,1.554443359375,1.115380311012268
legacy_pairwise_hc,0.25,9,"[[0,5,6],[1,7],[2,3],[4]]","[3,2,2,1]",4,20608,44928,0.314453125,0.685546875,1.685546875,1.0432774066925048,0.445556640625,0.554443359375,1.554443359375,1.115380311012268
objective_aware,0.25,10,"[[0],[1,3,4,5,7],[2],[6]]","[5,1,1,1]",4,30273,35263,0.4619293212890625,0.5380706787109375,1.5380706787109375,1.443949007987976,0.4619293212890625,0.5380706787109375,1.5380706787109375,1.443949007987976
legacy_pairwise_hc,0.25,10,"[[0,2],[1,3],[4,7],[5,6]]","[2,2,2,2]",4,23066,42470,0.351959228515625,0.648040771484375,1.648040771484375,1.369750052690506,0.4619293212890625,0.5380706787109375,1.5380706787109375,1.443949007987976
objective_aware,0.25,11,"[[0],[1],[2,4,5,6,7],[3]]","[5,1,1,1]",4,33213,32323,0.5067901611328125,0.4932098388671875,1.4932098388671875,2.029581129550934,0.5067901611328125,0.4932098388671875,1.4932098388671875,2.029581129550934
legacy_pairwise_hc,0.25,11,"[[0,1,6],[2,5,7],[3],[4]]","[3,3,1,1]",4,28156,37380,0.42962646484375,0.57037353515625,1.57037353515625,1.566079835096995,0.5067901611328125,0.4932098388671875,1.4932098388671875,2.029581129550934
objective_aware,0.25,12,"[[0],[1,2,3,5,6],[4],[7]]","[5,1,1,1]",4,32811,32725,0.5006561279296875,0.4993438720703125,1.4993438720703125,1.7295993447303772,0.5006561279296875,0.4993438720703125,1.4993438720703125,1.7295993447303772
legacy_pairwise_hc,0.25,12,"[[0,4,5],[1,3],[2,6],[7]]","[3,2,2,1]",4,21429,44107,0.3269805908203125,0.6730194091796875,1.6730194091796875,1.554681420326233,0.5006561279296875,0.4993438720703125,1.4993438720703125,1.7295993447303772
objective_aware,0.25,13,"[[0,1,3,5,6],[2],[4],[7]]","[5,1,1,1]",4,29804,35732,0.45477294921875,0.54522705078125,1.54522705078125,1.7279566645622253,0.45477294921875,0.54522705078125,1.54522705078125,1.7279566645622253
legacy_pairwise_hc,0.25,13,"[[0],[1,6],[2,4,7],[3,5]]","[3,2,2,1]",4,21432,44104,0.3270263671875,0.6729736328125,1.6729736328125,1.6982540607452392,0.45477294921875,0.54522705078125,1.54522705078125,1.7279566645622253
objective_aware,0.25,14,"[[0,3],[1,5,6,7],[2],[4]]","[4,2,1,1]",4,29767,35769,0.4542083740234375,0.5457916259765625,1.5457916259765625,2.2668678419930592,0.49249267578125,0.50750732421875,1.50750732421875,2.2715713024139403
legacy_pairwise_hc,0.25,14,"[[0,3,4],[1,7],[2],[5,6]]","[3,2,2,1]",4,25368,40168,0.3870849609375,0.6129150390625,1.6129150390625,2.333202075958252,0.49249267578125,0.50750732421875,1.50750732421875,2.2715713024139403
objective_aware,0.25,15,"[[0],[1,2,4,6,7],[3],[5]]","[5,1,1,1]",4,30491,35045,0.4652557373046875,0.5347442626953125,1.5347442626953125,2.5008974432945252,0.4714202880859375,0.5285797119140625,1.5285797119140625,2.443004322052002
legacy_pairwise_hc,0.25,15,"[[0,5],[1,4,7],[2,6],[3]]","[3,2,2,1]",4,23667,41869,0.3611297607421875,0.6388702392578125,1.6388702392578125,2.293141984939575,0.4714202880859375,0.5285797119140625,1.5285797119140625,2.443004322052002
objective_aware,0.25,16,"[[0,1,2,3,7],[4],[5],[6]]","[5,1,1,1]",4,27922,37614,0.426055908203125,0.573944091796875,1.573944091796875,2.777230954170227,0.454498291015625,0.545501708984375,1.545501708984375,2.7391475677490233
legacy_pairwise_hc,0.25,16,"[[0,1,2],[3],[4,6],[5,7]]","[3,2,2,1]",4,21271,44265,0.3245697021484375,0.6754302978515625,1.6754302978515625,2.785045051574707,0.454498291015625,0.545501708984375,1.545501708984375,2.7391475677490233
objective_aware,0.25,17,"[[0,1,2,5],[3,6],[4],[7]]","[4,2,1,1]",4,28104,37432,0.4288330078125,0.5711669921875,1.5711669921875,3.7447984559195384,0.4613037109375,0.5386962890625,1.5386962890625,3.896775317192078
legacy_pairwise_hc,0.25,17,"[[0,2],[1,5],[3,6],[4,7]]","[2,2,2,2]",4,20762,44774,0.316802978515625,0.683197021484375,1.683197021484375,3.5583009123802185,0.4613037109375,0.5386962890625,1.5386962890625,3.896775317192078
objective_aware,0.25,18,"[[0,2,4,5,7],[1],[3],[6]]","[5,1,1,1]",4,27835,37701,0.4247283935546875,0.5752716064453125,1.5752716064453125,4.471731019020081,0.4247283935546875,0.5752716064453125,1.5752716064453125,4.471731019020081
legacy_pairwise_hc,0.25,18,"[[0],[1,3,6],[2,4],[5,7]]","[3,2,2,1]",4,20289,45247,0.3095855712890625,0.6904144287109375,1.6904144287109375,3.9668797492980956,0.4247283935546875,0.5752716064453125,1.5752716064453125,4.471731019020081
objective_aware,0.25,19,"[[0,2,3,5],[1],[4,6],[7]]","[4,2,1,1]",4,24072,41464,0.3673095703125,0.6326904296875,1.6326904296875,4.219977446964809,0.45269775390625,0.54730224609375,1.54730224609375,4.786185026168823
legacy_pairwise_hc,0.25,19,"[[0,3],[1],[2,5,7],[4,6]]","[3,2,2,1]",4,23792,41744,0.363037109375,0.636962890625,1.636962890625,4.377289485931397,0.45269775390625,0.54730224609375,1.54730224609375,4.786185026168823
objective_aware,0.25,20,"[[0],[1,3,5,6,7],[2],[4]]","[5,1,1,1]",4,26102,39434,0.398284912109375,0.601715087890625,1.601715087890625,3.9269783735275268,0.4051055908203125,0.5948944091796875,1.5948944091796875,3.9451783895492554
legacy_pairwise_hc,0.25,20,"[[0,3],[1,7],[2,4],[5,6]]","[2,2,2,2]",4,13963,51573,0.2130584716796875,0.7869415283203125,1.7869415283203125,3.724682629108429,0.4051055908203125,0.5948944091796875,1.5948944091796875,3.9451783895492554
objective_aware,0.25,21,"[[0],[1],[2,3,4,5,6],[7]]","[5,1,1,1]",4,25108,40428,0.38311767578125,0.61688232421875,1.61688232421875,3.535633754730225,0.3992462158203125,0.6007537841796875,1.6007537841796875,3.6141162157058715
legacy_pairwise_hc,0.25,21,"[[0,1,4],[2,6],[3,7],[5]]","[3,2,2,1]",4,16124,49412,0.24603271484375,0.75396728515625,1.75396728515625,3.551358127593994,0.3992462158203125,0.6007537841796875,1.6007537841796875,3.6141162157058715
objective_aware,0.25,22,"[[0,1,3,4,6],[2],[5],[7]]","[5,1,1,1]",4,24880,40656,0.379638671875,0.620361328125,1.620361328125,3.4718147993087767,0.42486572265625,0.57513427734375,1.57513427734375,3.639899230003357
legacy_pairwise_hc,0.25,22,"[[0,1,5],[2,7],[3,6],[4]]","[3,2,2,1]",4,19836,45700,0.30267333984375,0.69732666015625,1.69732666015625,3.5083919525146485,0.42486572265625,0.57513427734375,1.57513427734375,3.639899230003357
objective_aware,0.25,23,"[[0],[1,2,3,5,6],[4],[7]]","[5,1,1,1]",4,25515,40021,0.3893280029296875,0.6106719970703125,1.6106719970703125,3.7738932609558105,0.441741943359375,0.558258056640625,1.558258056640625,3.645433712005615
legacy_pairwise_hc,0.25,23,"[[0,4,7],[1,6],[2,5],[3]]","[3,2,2,1]",4,20654,44882,0.315155029296875,0.684844970703125,1.684844970703125,3.6076627731323243,0.441741943359375,0.558258056640625,1.558258056640625,3.645433712005615
objective_aware,0.25,24,"[[0,2,3,5,6],[1],[4],[7]]","[5,1,1,1]",4,26028,39508,0.39715576171875,0.60284423828125,1.60284423828125,3.82043251991272,0.4151153564453125,0.5848846435546875,1.5848846435546875,3.576426863670349
legacy_pairwise_hc,0.25,24,"[[0,2,3],[1],[4,7],[5,6]]","[3,2,2,1]",4,18010,47526,0.274810791015625,0.725189208984375,1.725189208984375,3.50611891746521,0.4151153564453125,0.5848846435546875,1.5848846435546875,3.576426863670349
objective_aware,0.25,25,"[[0,3,4,5,7],[1],[2],[6]]","[5,1,1,1]",4,25721,39815,0.3924713134765625,0.6075286865234375,1.6075286865234375,4.245865201950073,0.4154205322265625,0.5845794677734375,1.5845794677734375,4.068607473373413
legacy_pairwise_hc,0.25,25,"[[0,5],[1,2,6],[3],[4,7]]","[3,2,2,1]",4,21290,44246,0.324859619140625,0.675140380859375,1.675140380859375,3.921991777420044,0.4154205322265625,0.5845794677734375,1.5845794677734375,4.068607473373413
objective_aware,0.25,26,"[[0,1,4,6,7],[2],[3],[5]]","[5,1,1,1]",4,26431,39105,0.4033050537109375,0.5966949462890625,1.5966949462890625,5.138594007492065,0.4852447509765625,0.5147552490234375,1.5147552490234375,4.250477814674378
legacy_pairwise_hc,0.25,26,"[[0,7],[1,6],[2,3,5],[4]]","[3,2,2,1]",4,21920,43616,0.33447265625,0.66552734375,1.66552734375,4.267577409744263,0.4852447509765625,0.5147552490234375,1.5147552490234375,4.250477814674378
objective_aware,0.25,27,"[[0,3,4,5,6],[1],[2],[7]]","[5,1,1,1]",4,28119,37417,0.4290618896484375,0.5709381103515625,1.5709381103515625,5.5819800853729244,0.4333953857421875,0.5666046142578125,1.5666046142578125,6.307678651809693
legacy_pairwise_hc,0.25,27,"[[0,3],[1,7],[2],[4,5,6]]","[3,2,2,1]",4,19246,46290,0.293670654296875,0.706329345703125,1.706329345703125,5.633670997619629,0.4333953857421875,0.5666046142578125,1.5666046142578125,6.307678651809693
objective_aware,0.25,28,"[[0,1,2,4,5],[3],[6],[7]]","[5,1,1,1]",4,27437,38099,0.4186553955078125,0.5813446044921875,1.5813446044921875,10.355877590179443,0.4878997802734375,0.5121002197265625,1.5121002197265625,9.362681341171264
legacy_pairwise_hc,0.25,28,"[[0,4,5],[1,2],[3],[6,7]]","[3,2,2,1]",4,23784,41752,0.3629150390625,0.6370849609375,1.6370849609375,8.964412498474122,0.4878997802734375,0.5121002197265625,1.5121002197265625,9.362681341171264
objective_aware,0.25,29,"[[0,2],[1,7],[3,4,5],[6]]","[3,2,2,1]",4,30067,35469,0.4587860107421875,0.5412139892578125,1.5412139892578125,14.050877952575684,0.4679107666015625,0.5320892333984375,1.5320892333984375,14.581612586975098
legacy_pairwise_hc,0.25,29,"[[0,2],[1,7],[3,6],[4,5]]","[2,2,2,2]",4,28406,37130,0.433441162109375,0.566558837890625,1.566558837890625,13.234959363937378,0.4679107666015625,0.5320892333984375,1.5320892333984375,14.581612586975098
objective_aware,0.25,30,"[[0,1,2,4,6],[3],[5],[7]]","[5,1,1,1]",4,32790,32746,0.500335693359375,0.499664306640625,1.499664306640625,39.07254962921142,0.500335693359375,0.499664306640625,1.499664306640625,39.07254962921142
legacy_pairwise_hc,0.25,30,"[[0,1,4],[2,6],[3,5],[7]]","[3,2,2,1]",4,29212,36324,0.44573974609375,0.55426025390625,1.55426025390625,43.19246940612793,0.500335693359375,0.499664306640625,1.499664306640625,39.07254962921142
objective_aware,0.25,31,"[[0,4],[1,5],[2,7],[3,6]]","[2,2,2,2]",4,38999,26537,0.5950775146484375,0.4049224853515625,1.4049224853515625,71.0907621383667,0.614227294921875,0.385772705078125,1.385772705078125,90.11394729614258
legacy_pairwise_hc,0.25,31,"[[0,4],[1,5],[2,7],[3,6]]","[2,2,2,2]",4,38999,26537,0.5950775146484375,0.4049224853515625,1.4049224853515625,71.0907621383667,0.614227294921875,0.385772705078125,1.385772705078125,90.11394729614258
objective_aware,0.0,0,"[[0,1,4,6,7],[2],[3],[5]]","[5,1,1,1]",4,28358,37178,0.432708740234375,0.567291259765625,1.567291259765625,0.15016628354787825,0.4386749267578125,0.5613250732421875,1.5613250732421875,0.1355750985443592
legacy_pairwise_hc,0.0,0,"[[0,1,4],[2,3,5],[6],[7]]","[3,3,1,1]",4,24686,40850,0.376678466796875,0.623321533203125,1.623321533203125,0.13775823265314102,0.4386749267578125,0.5613250732421875,1.5613250732421875,0.1355750985443592
objective_aware,0.0,1,"[[0,1,2,4,5],[3],[6],[7]]","[5,1,1,1]",4,26431,39105,0.4033050537109375,0.5966949462890625,1.5966949462890625,0.4531985655426979,0.4033050537109375,0.5966949462890625,1.5966949462890625,0.4531985655426979
legacy_pairwise_hc,0.0,1,"[[0,2],[1,4],[3,6],[5,7]]","[2,2,2,2]",4,16287,49249,0.2485198974609375,0.7514801025390625,1.7514801025390625,3.2464910373091698,0.4033050537109375,0.5966949462890625,1.5966949462890625,0.4531985655426979
objective_aware,0.0,2,"[[0],[1,2,3,5,6],[4],[7]]","[5,1,1,1]",4,27169,38367,0.4145660400390625,0.5854339599609375,1.5854339599609375,0.2675840616226196,0.4145660400390625,0.5854339599609375,1.5854339599609375,0.2675840616226196
legacy_pairwise_hc,0.0,2,"[[0,7],[1,5],[2,3,6],[4]]","[3,2,2,1]",4,18082,47454,0.275909423828125,0.724090576171875,1.724090576171875,0.2896927922964096,0.4145660400390625,0.5854339599609375,1.5854339599609375,0.2675840616226196
objective_aware,0.0,3,"[[0],[1,2,4,6,7],[3],[5]]","[5,1,1,1]",4,26282,39254,0.401031494140625,0.598968505859375,1.598968505859375,0.31804691851139066,0.402313232421875,0.597686767578125,1.597686767578125,0.3171242028474808
legacy_pairwise_hc,0.0,3,"[[0,3,5],[1,6,7],[2],[4]]","[3,3,1,1]",4,19818,45718,0.302398681640625,0.697601318359375,1.697601318359375,0.31952277819315594,0.402313232421875,0.597686767578125,1.597686767578125,0.3171242028474808
objective_aware,0.0,4,"[[0,1,3,5,6],[2],[4],[7]]","[5,1,1,1]",4,24941,40595,0.3805694580078125,0.6194305419921875,1.6194305419921875,0.42690573930740355,0.39471435546875,0.60528564453125,1.60528564453125,0.43909434974193573
legacy_pairwise_hc,0.0,4,"[[0,4],[1,5],[2,7],[3,6]]","[2,2,2,2]",4,14331,51205,0.2186737060546875,0.7813262939453125,1.7813262939453125,0.41532284766435623,0.39471435546875,0.60528564453125,1.60528564453125,0.43909434974193573
objective_aware,0.0,5,"[[0,1,4,6,7],[2],[3],[5]]","[5,1,1,1]",4,26525,39011,0.4047393798828125,0.5952606201171875,1.5952606201171875,0.5259082287549972,0.4047393798828125,0.5952606201171875,1.5952606201171875,0.5259082287549972
legacy_pairwise_hc,0.0,5,"[[0,4],[1,7],[2,3],[5,6]]","[2,2,2,2]",4,14920,50616,0.2276611328125,0.7723388671875,1.7723388671875,0.5248953849077225,0.4047393798828125,0.5952606201171875,1.5952606201171875,0.5259082287549972
objective_aware,0.0,6,"[[0,1,2,3,7],[4],[5],[6]]","[5,1,1,1]",4,27100,38436,0.41351318359375,0.58648681640625,1.58648681640625,0.749826842546463,0.4250640869140625,0.5749359130859375,1.5749359130859375,0.7086998403072358
legacy_pairwise_hc,0.0,6,"[[0,3],[1,2,4],[5,6],[7]]","[3,2,2,1]",4,17020,48516,0.25970458984375,0.74029541015625,1.74029541015625,0.6791138529777527,0.4250640869140625,0.5749359130859375,1.5749359130859375,0.7086998403072358
objective_aware,0.0,7,"[[0],[1,4,5,6,7],[2],[3]]","[5,1,1,1]",4,27906,37630,0.425811767578125,0.574188232421875,1.574188232421875,0.8846524357795715,0.425811767578125,0.574188232421875,1.574188232421875,0.8846524357795715
legacy_pairwise_hc,0.0,7,"[[0,2],[1,4],[3],[5,6,7]]","[3,2,2,1]",4,15989,49547,0.2439727783203125,0.7560272216796875,1.7560272216796875,0.8487564206123352,0.425811767578125,0.574188232421875,1.574188232421875,0.8846524357795715
objective_aware,0.0,8,"[[0,2,4,5,6],[1],[3],[7]]","[5,1,1,1]",4,25608,39928,0.3907470703125,0.6092529296875,1.6092529296875,1.0091659009456635,0.3916168212890625,0.6083831787109375,1.6083831787109375,0.9372064590454101
legacy_pairwise_hc,0.0,8,"[[0,5],[1,2,7],[3],[4,6]]","[3,2,2,1]",4,16078,49458,0.245330810546875,0.754669189453125,1.754669189453125,1.039429748058319,0.3916168212890625,0.6083831787109375,1.6083831787109375,0.9372064590454101
objective_aware,0.0,9,"[[0,2,3,5,6],[1],[4],[7]]","[5,1,1,1]",4,29200,36336,0.445556640625,0.554443359375,1.554443359375,1.115380311012268,0.445556640625,0.554443359375,1.554443359375,1.115380311012268
legacy_pairwise_hc,0.0,9,"[[0,5,6],[1,7],[2,3],[4]]","[3,2,2,1]",4,20608,44928,0.314453125,0.685546875,1.685546875,1.0432774066925048,0.445556640625,0.554443359375,1.554443359375,1.115380311012268
objective_aware,0.0,10,"[[0],[1,3,4,5,7],[2],[6]]","[5,1,1,1]",4,30273,35263,0.4619293212890625,0.5380706787109375,1.5380706787109375,1.443949007987976,0.4619293212890625,0.5380706787109375,1.5380706787109375,1.443949007987976
legacy_pairwise_hc,0.0,10,"[[0,2],[1,3],[4,7],[5,6]]","[2,2,2,2]",4,23066,42470,0.351959228515625,0.648040771484375,1.648040771484375,1.369750052690506,0.4619293212890625,0.5380706787109375,1.5380706787109375,1.443949007987976
objective_aware,0.0,11,"[[0],[1],[2,4,5,6,7],[3]]","[5,1,1,1]",4,33213,32323,0.5067901611328125,0.4932098388671875,1.4932098388671875,2.029581129550934,0.5067901611328125,0.4932098388671875,1.4932098388671875,2.029581129550934
legacy_pairwise_hc,0.0,11,"[[0,1],[2,4,5],[3],[6,7]]","[3,2,2,1]",4,23917,41619,0.3649444580078125,0.6350555419921875,1.6350555419921875,1.8788429498672485,0.5067901611328125,0.4932098388671875,1.4932098388671875,2.029581129550934
objective_aware,0.0,12,"[[0],[1,2,3,5,6],[4],[7]]","[5,1,1,1]",4,32811,32725,0.5006561279296875,0.4993438720703125,1.4993438720703125,1.7295993447303772,0.5006561279296875,0.4993438720703125,1.4993438720703125,1.7295993447303772
legacy_pairwise_hc,0.0,12,"[[0,4],[1,3,5],[2,6],[7]]","[3,2,2,1]",4,21798,43738,0.332611083984375,0.667388916015625,1.667388916015625,1.722442364692688,0.5006561279296875,0.4993438720703125,1.4993438720703125,1.7295993447303772
objective_aware,0.0,13,"[[0,1,3,5,6],[2],[4],[7]]","[5,1,1,1]",4,29804,35732,0.45477294921875,0.54522705078125,1.54522705078125,1.7279566645622253,0.45477294921875,0.54522705078125,1.54522705078125,1.7279566645622253
legacy_pairwise_hc,0.0,13,"[[0],[1,6],[2,4,7],[3,5]]","[3,2,2,1]",4,21432,44104,0.3270263671875,0.6729736328125,1.6729736328125,1.6982540607452392,0.45477294921875,0.54522705078125,1.54522705078125,1.7279566645622253
objective_aware,0.0,14,"[[0,3,4,5,6],[1],[2],[7]]","[5,1,1,1]",4,30569,34967,0.4664459228515625,0.5335540771484375,1.5335540771484375,2.4976157426834105,0.49249267578125,0.50750732421875,1.50750732421875,2.2715713024139403
legacy_pairwise_hc,0.0,14,"[[0,3,4],[1,7],[2],[5,6]]","[3,2,2,1]",4,25368,40168,0.3870849609375,0.6129150390625,1.6129150390625,2.333202075958252,0.49249267578125,0.50750732421875,1.50750732421875,2.2715713024139403
objective_aware,0.0,15,"[[0],[1,2,5,6],[3],[4,7]]","[4,2,1,1]",4,28760,36776,0.4388427734375,0.5611572265625,1.5611572265625,2.412935835974557,0.4714202880859375,0.5285797119140625,1.5285797119140625,2.443004322052002
legacy_pairwise_hc,0.0,15,"[[0,5],[1,4,7],[2,6],[3]]","[3,2,2,1]",4,23667,41869,0.3611297607421875,0.6388702392578125,1.6388702392578125,2.293141984939575,0.4714202880859375,0.5285797119140625,1.5285797119140625,2.443004322052002
objective_aware,0.0,16,"[[0,1,2,3,7],[4],[5],[6]]","[5,1,1,1]",4,27922,37614,0.426055908203125,0.573944091796875,1.573944091796875,2.777230954170227,0.454498291015625,0.545501708984375,1.545501708984375,2.7391475677490233
legacy_pairwise_hc,0.0,16,"[[0,1],[2],[3,4],[5,6,7]]","[3,2,2,1]",4,21840,43696,0.333251953125,0.666748046875,1.666748046875,2.7571553707122805,0.454498291015625,0.545501708984375,1.545501708984375,2.7391475677490233
objective_aware,0.0,17,"[[0,1,2,4,5],[3],[6],[7]]","[5,1,1,1]",4,30232,35304,0.4613037109375,0.5386962890625,1.5386962890625,3.896775317192078,0.4613037109375,0.5386962890625,1.5386962890625,3.896775317192078
legacy_pairwise_hc,0.0,17,"[[0,2,5],[1],[3,6],[4,7]]","[3,2,2,1]",4,24464,41072,0.373291015625,0.626708984375,1.626708984375,3.652109146118164,0.4613037109375,0.5386962890625,1.5386962890625,3.896775317192078
objective_aware,0.0,18,"[[0,2,4,5,7],[1],[3],[6]]","[5,1,1,1]",4,27835,37701,0.4247283935546875,0.5752716064453125,1.5752716064453125,4.471731019020081,0.4247283935546875,0.5752716064453125,1.5752716064453125,4.471731019020081
legacy_pairwise_hc,0.0,18,"[[0,2,4],[1],[3,6],[5,7]]","[3,2,2,1]",4,21082,44454,0.321685791015625,0.678314208984375,1.678314208984375,4.311460351943969,0.4247283935546875,0.5752716064453125,1.5752716064453125,4.471731019020081
objective_aware,0.0,19,"[[0,1,3,4,6],[2],[5],[7]]","[5,1,1,1]",4,26469,39067,0.4038848876953125,0.5961151123046875,1.5961151123046875,4.946366190910339,0.45269775390625,0.54730224609375,1.54730224609375,4.786185026168823
legacy_pairwise_hc,0.0,19,"[[0,3],[1],[2,5,7],[4,6]]","[3,2,2,1]",4,23792,41744,0.363037109375,0.636962890625,1.636962890625,4.377289485931397,0.45269775390625,0.54730224609375,1.54730224609375,4.786185026168823
objective_aware,0.0,20,"[[0,1,3,5,7],[2],[4],[6]]","[5,1,1,1]",4,26308,39228,0.40142822265625,0.59857177734375,1.59857177734375,3.972270631790161,0.4051055908203125,0.5948944091796875,1.5948944091796875,3.9451783895492554
legacy_pairwise_hc,0.0,20,"[[0,4],[1,5,6],[2],[3,7]]","[3,2,2,1]",4,16665,48871,0.2542877197265625,0.7457122802734375,1.7457122802734375,3.9172327518463135,0.4051055908203125,0.5948944091796875,1.5948944091796875,3.9451783895492554
objective_aware,0.0,21,"[[0],[1,2,4,5,6],[3],[7]]","[5,1,1,1]",4,25262,40274,0.385467529296875,0.614532470703125,1.614532470703125,3.60088472366333,0.3992462158203125,0.6007537841796875,1.6007537841796875,3.6141162157058715
legacy_pairwise_hc,0.0,21,"[[0,1,4],[2,6],[3,7],[5]]","[3,2,2,1]",4,16124,49412,0.24603271484375,0.75396728515625,1.75396728515625,3.551358127593994,0.3992462158203125,0.6007537841796875,1.6007537841796875,3.6141162157058715
objective_aware,0.0,22,"[[0,3,4,5,6],[1],[2],[7]]","[5,1,1,1]",4,25667,39869,0.3916473388671875,0.6083526611328125,1.6083526611328125,3.6104655504226684,0.42486572265625,0.57513427734375,1.57513427734375,3.639899230003357
legacy_pairwise_hc,0.0,22,"[[0,1,5],[2,7],[3,6],[4]]","[3,2,2,1]",4,19836,45700,0.30267333984375,0.69732666015625,1.69732666015625,3.5083919525146485,0.42486572265625,0.57513427734375,1.57513427734375,3.639899230003357
objective_aware,0.0,23,"[[0],[1,2,5,6,7],[3],[4]]","[5,1,1,1]",4,26005,39531,0.3968048095703125,0.6031951904296875,1.6031951904296875,3.935534715652466,0.441741943359375,0.558258056640625,1.558258056640625,3.645433712005615
legacy_pairwise_hc,0.0,23,"[[0,4,7],[1,6],[2,5],[3]]","[3,2,2,1]",4,20654,44882,0.315155029296875,0.684844970703125,1.684844970703125,3.6076627731323243,0.441741943359375,0.558258056640625,1.558258056640625,3.645433712005615
objective_aware,0.0,24,"[[0,2,3,5,6],[1],[4],[7]]","[5,1,1,1]",4,26028,39508,0.39715576171875,0.60284423828125,1.60284423828125,3.82043251991272,0.4151153564453125,0.5848846435546875,1.5848846435546875,3.576426863670349
legacy_pairwise_hc,0.0,24,"[[0,2,3],[1],[4,7],[5,6]]","[3,2,2,1]",4,18010,47526,0.274810791015625,0.725189208984375,1.725189208984375,3.50611891746521,0.4151153564453125,0.5848846435546875,1.5848846435546875,3.576426863670349
objective_aware,0.0,25,"[[0,3,4,5,7],[1],[2],[6]]","[5,1,1,1]",4,25721,39815,0.3924713134765625,0.6075286865234375,1.6075286865234375,4.245865201950073,0.4154205322265625,0.5845794677734375,1.5845794677734375,4.068607473373413
legacy_pairwise_hc,0.0,25,"[[0,5],[1,2,6],[3],[4,7]]","[3,2,2,1]",4,21290,44246,0.324859619140625,0.675140380859375,1.675140380859375,3.921991777420044,0.4154205322265625,0.5845794677734375,1.5845794677734375,4.068607473373413
objective_aware,0.0,26,"[[0,1,4,6,7],[2],[3],[5]]","[5,1,1,1]",4,26431,39105,0.4033050537109375,0.5966949462890625,1.5966949462890625,5.138594007492065,0.4852447509765625,0.5147552490234375,1.5147552490234375,4.250477814674378
legacy_pairwise_hc,0.0,26,"[[0,7],[1,4,6],[2],[3,5]]","[3,2,2,1]",4,22359,43177,0.3411712646484375,0.6588287353515625,1.6588287353515625,4.924151611328125,0.4852447509765625,0.5147552490234375,1.5147552490234375,4.250477814674378
objective_aware,0.0,27,"[[0,3,4,5,6],[1],[2],[7]]","[5,1,1,1]",4,28119,37417,0.4290618896484375,0.5709381103515625,1.5709381103515625,5.5819800853729244,0.4333953857421875,0.5666046142578125,1.5666046142578125,6.307678651809693
legacy_pairwise_hc,0.0,27,"[[0,3],[1,7],[2],[4,5,6]]","[3,2,2,1]",4,19246,46290,0.293670654296875,0.706329345703125,1.706329345703125,5.633670997619629,0.4333953857421875,0.5666046142578125,1.5666046142578125,6.307678651809693
objective_aware,0.0,28,"[[0,1,2,4,5],[3],[6],[7]]","[5,1,1,1]",4,27437,38099,0.4186553955078125,0.5813446044921875,1.5813446044921875,10.355877590179443,0.4878997802734375,0.5121002197265625,1.5121002197265625,9.362681341171264
legacy_pairwise_hc,0.0,28,"[[0,4,5],[1,2],[3],[6,7]]","[3,2,2,1]",4,23784,41752,0.3629150390625,0.6370849609375,1.6370849609375,8.964412498474122,0.4878997802734375,0.5121002197265625,1.5121002197265625,9.362681341171264
objective_aware,0.0,29,"[[0,2],[1],[3,4,5,6],[7]]","[4,2,1,1]",4,30665,34871,0.4679107666015625,0.5320892333984375,1.5320892333984375,14.581612586975098,0.4679107666015625,0.5320892333984375,1.5320892333984375,14.581612586975098
legacy_pairwise_hc,0.0,29,"[[0,2],[1,7],[3,6],[4,5]]","[2,2,2,2]",4,28406,37130,0.433441162109375,0.566558837890625,1.566558837890625,13.234959363937378,0.4679107666015625,0.5320892333984375,1.5320892333984375,14.581612586975098
objective_aware,0.0,30,"[[0],[1,3,5,7],[2,6],[4]]","[4,2,1,1]",4,28530,37006,0.435333251953125,0.564666748046875,1.564666748046875,52.73944255283901,0.500335693359375,0.499664306640625,1.499664306640625,39.07254962921142
legacy_pairwise_hc,0.0,30,"[[0,1,4],[2,6],[3,5],[7]]","[3,2,2,1]",4,29212,36324,0.44573974609375,0.55426025390625,1.55426025390625,43.19246940612793,0.500335693359375,0.499664306640625,1.499664306640625,39.07254962921142
objective_aware,0.0,31,"[[0,4],[1,3,5],[2,7],[6]]","[3,2,2,1]",4,40254,25282,0.614227294921875,0.385772705078125,1.385772705078125,90.11394729614258,0.614227294921875,0.385772705078125,1.385772705078125,90.11394729614258
legacy_pairwise_hc,0.0,31,"[[0,4],[1,5],[2,7],[3,6]]","[2,2,2,2]",4,38999,26537,0.5950775146484375,0.4049224853515625,1.4049224853515625,71.0907621383667,0.614227294921875,0.385772705078125,1.385772705078125,90.11394729614258
